--
-- PostgreSQL database dump
--

-- Dumped from database version 16.1 (Debian 16.1-1.pgdg120+1)
-- Dumped by pg_dump version 16.1

-- Started on 2024-01-09 21:20:42 UTC

SET statement_timeout = 0;
SET lock_timeout = 0;
SET idle_in_transaction_session_timeout = 0;
SET client_encoding = 'UTF8';
SET standard_conforming_strings = on;
SELECT pg_catalog.set_config('search_path', '', false);
SET check_function_bodies = false;
SET xmloption = content;
SET client_min_messages = warning;
SET row_security = off;

DROP DATABASE IF EXISTS "CreditWiseHubDB";
--
-- TOC entry 3548 (class 1262 OID 16985)
-- Name: CreditWiseHubDB; Type: DATABASE; Schema: -; Owner: admin
--

CREATE DATABASE "CreditWiseHubDB" WITH TEMPLATE = template0 ENCODING = 'UTF8' LOCALE_PROVIDER = libc LOCALE = 'en_US.utf8';


ALTER DATABASE "CreditWiseHubDB" OWNER TO admin;

\connect "CreditWiseHubDB"

SET statement_timeout = 0;
SET lock_timeout = 0;
SET idle_in_transaction_session_timeout = 0;
SET client_encoding = 'UTF8';
SET standard_conforming_strings = on;
SELECT pg_catalog.set_config('search_path', '', false);
SET check_function_bodies = false;
SET xmloption = content;
SET client_min_messages = warning;
SET row_security = off;

SET default_tablespace = '';

SET default_table_access_method = heap;

--
-- TOC entry 217 (class 1259 OID 16992)
-- Name: AccountTypes; Type: TABLE; Schema: public; Owner: admin
--

CREATE TABLE public."AccountTypes" (
    "Id" integer NOT NULL,
    "Name" character varying(50) NOT NULL,
    "MinimumOpeningBalance" numeric(18,2) NOT NULL,
    "Description" character varying(255),
    "CreatedDate" timestamp with time zone DEFAULT '2024-01-09 20:50:29.831548+00'::timestamp with time zone NOT NULL,
    "UpdatedDate" timestamp with time zone,
    "IsActive" boolean DEFAULT true NOT NULL
);


ALTER TABLE public."AccountTypes" OWNER TO admin;

--
-- TOC entry 216 (class 1259 OID 16991)
-- Name: AccountTypes_Id_seq; Type: SEQUENCE; Schema: public; Owner: admin
--

ALTER TABLE public."AccountTypes" ALTER COLUMN "Id" ADD GENERATED BY DEFAULT AS IDENTITY (
    SEQUENCE NAME public."AccountTypes_Id_seq"
    START WITH 1
    INCREMENT BY 1
    NO MINVALUE
    NO MAXVALUE
    CACHE 1
);


--
-- TOC entry 229 (class 1259 OID 17055)
-- Name: Accounts; Type: TABLE; Schema: public; Owner: admin
--

CREATE TABLE public."Accounts" (
    "Id" uuid NOT NULL,
    "AccountNumber" text NOT NULL,
    "Name" text NOT NULL,
    "Description" text,
    "Balance" numeric NOT NULL,
    "UserAppId" text NOT NULL,
    "AccountTypeId" integer NOT NULL,
    "CreatedDate" timestamp with time zone DEFAULT '2024-01-09 20:50:29.831232+00'::timestamp with time zone NOT NULL,
    "UpdatedDate" timestamp with time zone,
    "IsActive" boolean DEFAULT true NOT NULL
);


ALTER TABLE public."Accounts" OWNER TO admin;

--
-- TOC entry 241 (class 1259 OID 17167)
-- Name: AffectedAccounts; Type: TABLE; Schema: public; Owner: admin
--

CREATE TABLE public."AffectedAccounts" (
    "Id" bigint NOT NULL,
    "AccountNumber" text NOT NULL,
    "Description" character varying(255),
    "IsReceiverAccount" boolean NOT NULL,
    "IsExternal" boolean,
    "BeforeBalance" numeric(18,2),
    "AfterBalance" numeric(18,2),
    "TransactionId" bigint NOT NULL
);


ALTER TABLE public."AffectedAccounts" OWNER TO admin;

--
-- TOC entry 240 (class 1259 OID 17166)
-- Name: AffectedAccounts_Id_seq; Type: SEQUENCE; Schema: public; Owner: admin
--

ALTER TABLE public."AffectedAccounts" ALTER COLUMN "Id" ADD GENERATED BY DEFAULT AS IDENTITY (
    SEQUENCE NAME public."AffectedAccounts_Id_seq"
    START WITH 1
    INCREMENT BY 1
    NO MINVALUE
    NO MAXVALUE
    CACHE 1
);


--
-- TOC entry 228 (class 1259 OID 17043)
-- Name: AspNetRoleClaims; Type: TABLE; Schema: public; Owner: admin
--

CREATE TABLE public."AspNetRoleClaims" (
    "Id" integer NOT NULL,
    "RoleId" text NOT NULL,
    "ClaimType" text,
    "ClaimValue" text
);


ALTER TABLE public."AspNetRoleClaims" OWNER TO admin;

--
-- TOC entry 227 (class 1259 OID 17042)
-- Name: AspNetRoleClaims_Id_seq; Type: SEQUENCE; Schema: public; Owner: admin
--

ALTER TABLE public."AspNetRoleClaims" ALTER COLUMN "Id" ADD GENERATED BY DEFAULT AS IDENTITY (
    SEQUENCE NAME public."AspNetRoleClaims_Id_seq"
    START WITH 1
    INCREMENT BY 1
    NO MINVALUE
    NO MAXVALUE
    CACHE 1
);


--
-- TOC entry 218 (class 1259 OID 16999)
-- Name: AspNetRoles; Type: TABLE; Schema: public; Owner: admin
--

CREATE TABLE public."AspNetRoles" (
    "Id" text NOT NULL,
    "Name" character varying(256),
    "NormalizedName" character varying(256),
    "ConcurrencyStamp" text
);


ALTER TABLE public."AspNetRoles" OWNER TO admin;

--
-- TOC entry 231 (class 1259 OID 17075)
-- Name: AspNetUserClaims; Type: TABLE; Schema: public; Owner: admin
--

CREATE TABLE public."AspNetUserClaims" (
    "Id" integer NOT NULL,
    "UserId" text NOT NULL,
    "ClaimType" text,
    "ClaimValue" text
);


ALTER TABLE public."AspNetUserClaims" OWNER TO admin;

--
-- TOC entry 230 (class 1259 OID 17074)
-- Name: AspNetUserClaims_Id_seq; Type: SEQUENCE; Schema: public; Owner: admin
--

ALTER TABLE public."AspNetUserClaims" ALTER COLUMN "Id" ADD GENERATED BY DEFAULT AS IDENTITY (
    SEQUENCE NAME public."AspNetUserClaims_Id_seq"
    START WITH 1
    INCREMENT BY 1
    NO MINVALUE
    NO MAXVALUE
    CACHE 1
);


--
-- TOC entry 232 (class 1259 OID 17087)
-- Name: AspNetUserLogins; Type: TABLE; Schema: public; Owner: admin
--

CREATE TABLE public."AspNetUserLogins" (
    "LoginProvider" text NOT NULL,
    "ProviderKey" text NOT NULL,
    "ProviderDisplayName" text,
    "UserId" text NOT NULL
);


ALTER TABLE public."AspNetUserLogins" OWNER TO admin;

--
-- TOC entry 233 (class 1259 OID 17099)
-- Name: AspNetUserRoles; Type: TABLE; Schema: public; Owner: admin
--

CREATE TABLE public."AspNetUserRoles" (
    "UserId" text NOT NULL,
    "RoleId" text NOT NULL
);


ALTER TABLE public."AspNetUserRoles" OWNER TO admin;

--
-- TOC entry 234 (class 1259 OID 17116)
-- Name: AspNetUserTokens; Type: TABLE; Schema: public; Owner: admin
--

CREATE TABLE public."AspNetUserTokens" (
    "UserId" text NOT NULL,
    "LoginProvider" text NOT NULL,
    "Name" text NOT NULL,
    "Value" text
);


ALTER TABLE public."AspNetUserTokens" OWNER TO admin;

--
-- TOC entry 219 (class 1259 OID 17006)
-- Name: AspNetUsers; Type: TABLE; Schema: public; Owner: admin
--

CREATE TABLE public."AspNetUsers" (
    "Id" text NOT NULL,
    "Name" character varying(50) NOT NULL,
    "Surname" character varying(50) NOT NULL,
    "DateOfBirth" timestamp with time zone NOT NULL,
    "IsActive" boolean DEFAULT true NOT NULL,
    "CreatedDate" timestamp with time zone DEFAULT '2024-01-09 20:50:29.833698+00'::timestamp with time zone NOT NULL,
    "UpdatedDate" timestamp with time zone,
    "UserName" character varying(256) NOT NULL,
    "NormalizedUserName" character varying(256),
    "Email" character varying(256),
    "NormalizedEmail" character varying(256),
    "EmailConfirmed" boolean NOT NULL,
    "PasswordHash" text,
    "SecurityStamp" text,
    "ConcurrencyStamp" text,
    "PhoneNumber" text,
    "PhoneNumberConfirmed" boolean NOT NULL,
    "TwoFactorEnabled" boolean NOT NULL,
    "LockoutEnd" timestamp with time zone,
    "LockoutEnabled" boolean NOT NULL,
    "AccessFailedCount" integer NOT NULL
);


ALTER TABLE public."AspNetUsers" OWNER TO admin;

--
-- TOC entry 245 (class 1259 OID 17203)
-- Name: AutomaticPaymentHistories; Type: TABLE; Schema: public; Owner: admin
--

CREATE TABLE public."AutomaticPaymentHistories" (
    "Id" bigint NOT NULL,
    "RegistrationId" bigint NOT NULL,
    "Comment" text NOT NULL,
    "PaymentDate" timestamp with time zone NOT NULL,
    "PaymentAmount" numeric NOT NULL,
    "IsPaid" boolean NOT NULL,
    "TransactionId" bigint
);


ALTER TABLE public."AutomaticPaymentHistories" OWNER TO admin;

--
-- TOC entry 244 (class 1259 OID 17202)
-- Name: AutomaticPaymentHistories_Id_seq; Type: SEQUENCE; Schema: public; Owner: admin
--

ALTER TABLE public."AutomaticPaymentHistories" ALTER COLUMN "Id" ADD GENERATED BY DEFAULT AS IDENTITY (
    SEQUENCE NAME public."AutomaticPaymentHistories_Id_seq"
    START WITH 1
    INCREMENT BY 1
    NO MINVALUE
    NO MAXVALUE
    CACHE 1
);


--
-- TOC entry 236 (class 1259 OID 17129)
-- Name: AutomaticPaymentRegistrations; Type: TABLE; Schema: public; Owner: admin
--

CREATE TABLE public."AutomaticPaymentRegistrations" (
    "Id" bigint NOT NULL,
    "Name" text NOT NULL,
    "PaymentType" integer NOT NULL,
    "PaymentAmount" numeric(18,2) NOT NULL,
    "PaymentDueDay" integer NOT NULL,
    "PaymentDueCount" integer NOT NULL,
    "PaymentDuePaidCount" integer NOT NULL,
    "IsActive" boolean NOT NULL,
    "UserId" text NOT NULL,
    "BelongToSystem" boolean NOT NULL
);


ALTER TABLE public."AutomaticPaymentRegistrations" OWNER TO admin;

--
-- TOC entry 235 (class 1259 OID 17128)
-- Name: AutomaticPaymentRegistrations_Id_seq; Type: SEQUENCE; Schema: public; Owner: admin
--

ALTER TABLE public."AutomaticPaymentRegistrations" ALTER COLUMN "Id" ADD GENERATED BY DEFAULT AS IDENTITY (
    SEQUENCE NAME public."AutomaticPaymentRegistrations_Id_seq"
    START WITH 1
    INCREMENT BY 1
    NO MINVALUE
    NO MAXVALUE
    CACHE 1
);


--
-- TOC entry 221 (class 1259 OID 17016)
-- Name: ExternalAccountInformations; Type: TABLE; Schema: public; Owner: admin
--

CREATE TABLE public."ExternalAccountInformations" (
    "Id" bigint NOT NULL,
    "AccountNumber" text NOT NULL,
    "BankName" text NOT NULL,
    "OwnerFullName" text NOT NULL
);


ALTER TABLE public."ExternalAccountInformations" OWNER TO admin;

--
-- TOC entry 220 (class 1259 OID 17015)
-- Name: ExternalAccountInformations_Id_seq; Type: SEQUENCE; Schema: public; Owner: admin
--

ALTER TABLE public."ExternalAccountInformations" ALTER COLUMN "Id" ADD GENERATED BY DEFAULT AS IDENTITY (
    SEQUENCE NAME public."ExternalAccountInformations_Id_seq"
    START WITH 1
    INCREMENT BY 1
    NO MINVALUE
    NO MAXVALUE
    CACHE 1
);


--
-- TOC entry 243 (class 1259 OID 17180)
-- Name: LoanApplications; Type: TABLE; Schema: public; Owner: admin
--

CREATE TABLE public."LoanApplications" (
    "Id" bigint NOT NULL,
    "UserId" text NOT NULL,
    "LoanTypeId" integer NOT NULL,
    "RequestedAmount" numeric(18,2) NOT NULL,
    "InstallmentCount" integer NOT NULL,
    "IsRejected" boolean,
    "IsApproved" boolean NOT NULL,
    "ApproverId" text,
    "ApprovalDate" timestamp with time zone,
    "TransactionId" bigint,
    "CreatedDate" timestamp with time zone NOT NULL,
    "UpdatedDate" timestamp with time zone,
    "IsActive" boolean NOT NULL
);


ALTER TABLE public."LoanApplications" OWNER TO admin;

--
-- TOC entry 242 (class 1259 OID 17179)
-- Name: LoanApplications_Id_seq; Type: SEQUENCE; Schema: public; Owner: admin
--

ALTER TABLE public."LoanApplications" ALTER COLUMN "Id" ADD GENERATED BY DEFAULT AS IDENTITY (
    SEQUENCE NAME public."LoanApplications_Id_seq"
    START WITH 1
    INCREMENT BY 1
    NO MINVALUE
    NO MAXVALUE
    CACHE 1
);


--
-- TOC entry 223 (class 1259 OID 17024)
-- Name: LoanTypes; Type: TABLE; Schema: public; Owner: admin
--

CREATE TABLE public."LoanTypes" (
    "Id" integer NOT NULL,
    "Name" character varying(255) NOT NULL,
    "InterestRate" numeric(18,2) NOT NULL,
    "MaxInstallmentOption" integer NOT NULL,
    "MinInstallmentOption" integer NOT NULL,
    "MinLoanAmount" numeric(18,2) NOT NULL,
    "MaxLoanAmount" numeric(18,2) NOT NULL,
    "MinCreditScore" integer NOT NULL,
    "MaxCreditScore" integer NOT NULL,
    "CreatedDate" timestamp with time zone NOT NULL,
    "UpdatedDate" timestamp with time zone,
    "IsActive" boolean NOT NULL
);


ALTER TABLE public."LoanTypes" OWNER TO admin;

--
-- TOC entry 222 (class 1259 OID 17023)
-- Name: LoanTypes_Id_seq; Type: SEQUENCE; Schema: public; Owner: admin
--

ALTER TABLE public."LoanTypes" ALTER COLUMN "Id" ADD GENERATED BY DEFAULT AS IDENTITY (
    SEQUENCE NAME public."LoanTypes_Id_seq"
    START WITH 1
    INCREMENT BY 1
    NO MINVALUE
    NO MAXVALUE
    CACHE 1
);


--
-- TOC entry 238 (class 1259 OID 17142)
-- Name: Tickets; Type: TABLE; Schema: public; Owner: admin
--

CREATE TABLE public."Tickets" (
    "Id" bigint NOT NULL,
    "Title" text NOT NULL,
    "Description" text NOT NULL,
    "ResolvedDate" timestamp with time zone,
    "Status" integer NOT NULL,
    "Priority" integer NOT NULL,
    "UserId" text NOT NULL,
    "CreatedDate" timestamp with time zone NOT NULL,
    "UpdatedDate" timestamp with time zone,
    "IsActive" boolean NOT NULL
);


ALTER TABLE public."Tickets" OWNER TO admin;

--
-- TOC entry 237 (class 1259 OID 17141)
-- Name: Tickets_Id_seq; Type: SEQUENCE; Schema: public; Owner: admin
--

ALTER TABLE public."Tickets" ALTER COLUMN "Id" ADD GENERATED BY DEFAULT AS IDENTITY (
    SEQUENCE NAME public."Tickets_Id_seq"
    START WITH 1
    INCREMENT BY 1
    NO MINVALUE
    NO MAXVALUE
    CACHE 1
);


--
-- TOC entry 225 (class 1259 OID 17030)
-- Name: Transactions; Type: TABLE; Schema: public; Owner: admin
--

CREATE TABLE public."Transactions" (
    "Id" bigint NOT NULL,
    "Amount" numeric(18,2) NOT NULL,
    "TransactionDate" timestamp with time zone NOT NULL,
    "IsConfirmed" boolean NOT NULL
);


ALTER TABLE public."Transactions" OWNER TO admin;

--
-- TOC entry 224 (class 1259 OID 17029)
-- Name: Transactions_Id_seq; Type: SEQUENCE; Schema: public; Owner: admin
--

ALTER TABLE public."Transactions" ALTER COLUMN "Id" ADD GENERATED BY DEFAULT AS IDENTITY (
    SEQUENCE NAME public."Transactions_Id_seq"
    START WITH 1
    INCREMENT BY 1
    NO MINVALUE
    NO MAXVALUE
    CACHE 1
);


--
-- TOC entry 226 (class 1259 OID 17035)
-- Name: UserRefreshTokens; Type: TABLE; Schema: public; Owner: admin
--

CREATE TABLE public."UserRefreshTokens" (
    "UserId" text NOT NULL,
    "Code" character varying(200) NOT NULL,
    "Expiration" timestamp with time zone NOT NULL
);


ALTER TABLE public."UserRefreshTokens" OWNER TO admin;

--
-- TOC entry 239 (class 1259 OID 17154)
-- Name: UserTransactionLimits; Type: TABLE; Schema: public; Owner: admin
--

CREATE TABLE public."UserTransactionLimits" (
    "UserId" text NOT NULL,
    "DailyTransactionLimit" numeric(18,2) NOT NULL,
    "DailyTransactionAmount" numeric(18,2) NOT NULL,
    "LastProcessDate" timestamp with time zone NOT NULL,
    "InstantTransactionLimit" numeric(18,2) NOT NULL
);


ALTER TABLE public."UserTransactionLimits" OWNER TO admin;

--
-- TOC entry 215 (class 1259 OID 16986)
-- Name: __EFMigrationsHistory; Type: TABLE; Schema: public; Owner: admin
--

CREATE TABLE public."__EFMigrationsHistory" (
    "MigrationId" character varying(150) NOT NULL,
    "ProductVersion" character varying(32) NOT NULL
);


ALTER TABLE public."__EFMigrationsHistory" OWNER TO admin;

--
-- TOC entry 3514 (class 0 OID 16992)
-- Dependencies: 217
-- Data for Name: AccountTypes; Type: TABLE DATA; Schema: public; Owner: admin
--

COPY public."AccountTypes" ("Id", "Name", "MinimumOpeningBalance", "Description", "CreatedDate", "UpdatedDate", "IsActive") FROM stdin;
1	Vadesiz Hesap	0.00	Kullanıcı ilk kayıt olurken açılan hesap türü	2024-01-09 20:50:29.831558+00	\N	t
2	Vadeli Hesap	500.00	Vadeli mevduat hesabı	2024-01-09 20:50:29.831559+00	\N	t
3	Arı Hesap	100.00	Günlük vadeli mevduat hesabı	2024-01-09 20:50:29.831559+00	\N	t
\.


--
-- TOC entry 3526 (class 0 OID 17055)
-- Dependencies: 229
-- Data for Name: Accounts; Type: TABLE DATA; Schema: public; Owner: admin
--

COPY public."Accounts" ("Id", "AccountNumber", "Name", "Description", "Balance", "UserAppId", "AccountTypeId", "CreatedDate", "UpdatedDate", "IsActive") FROM stdin;
542c8d5a-0f8e-4ce9-8129-73190b9d07e9	44C205E903	Default Account	Default account for the user	0	75861687-af3d-4cb2-b047-c4f53bab09bb	1	2024-01-09 21:03:45.460917+00	\N	t
32bd5012-677b-4898-849a-8478a34c1fc2	19273A22A7	Default Account	Default account for the user	0	6d3e719a-101c-4adc-86e8-7a534092fbea	1	2024-01-09 21:03:45.570947+00	\N	t
d06662b8-42c6-43c1-ac62-2ea5cdcbcb6c	7173C5A9D9	Default Account	Default account for the user	0	824c6a9e-0931-43f3-9a79-1bc02e84951b	1	2024-01-09 21:03:45.667798+00	\N	t
8d2a2200-8f05-4a68-a07f-68b946ff4fa7	69ADCFBA58	Default Account	Default account for the user	0	91e4cc65-d436-4b68-8f4c-520bf642a64c	1	2024-01-09 21:03:45.7741+00	\N	t
6630c642-09ec-4c54-8cd9-d43f34011aad	DA13F702B7	Default Account	Default account for the user	0	9cfdb926-b36d-4730-8819-05f97544a2de	1	2024-01-09 21:03:45.86694+00	\N	t
\.


--
-- TOC entry 3538 (class 0 OID 17167)
-- Dependencies: 241
-- Data for Name: AffectedAccounts; Type: TABLE DATA; Schema: public; Owner: admin
--

COPY public."AffectedAccounts" ("Id", "AccountNumber", "Description", "IsReceiverAccount", "IsExternal", "BeforeBalance", "AfterBalance", "TransactionId") FROM stdin;
\.


--
-- TOC entry 3525 (class 0 OID 17043)
-- Dependencies: 228
-- Data for Name: AspNetRoleClaims; Type: TABLE DATA; Schema: public; Owner: admin
--

COPY public."AspNetRoleClaims" ("Id", "RoleId", "ClaimType", "ClaimValue") FROM stdin;
\.


--
-- TOC entry 3515 (class 0 OID 16999)
-- Dependencies: 218
-- Data for Name: AspNetRoles; Type: TABLE DATA; Schema: public; Owner: admin
--

COPY public."AspNetRoles" ("Id", "Name", "NormalizedName", "ConcurrencyStamp") FROM stdin;
b05f76a0-98b0-4c35-868c-53279448956b	Admin	ADMIN	\N
0e50c4df-8022-4fc3-94c8-bd3d99e991d4	User	USER	\N
9ff4cd14-3784-4c94-9aae-a368f672b16c	Auditor	AUDITOR	\N
b6b9cc82-b3b3-4f01-8148-1d1a3fb41a3b	CashDesk	CASHDESK	\N
55ee25d3-7c14-437e-ab00-20f3a202687e	CustomerService	CUSTOMERSERVICE	\N
\.


--
-- TOC entry 3528 (class 0 OID 17075)
-- Dependencies: 231
-- Data for Name: AspNetUserClaims; Type: TABLE DATA; Schema: public; Owner: admin
--

COPY public."AspNetUserClaims" ("Id", "UserId", "ClaimType", "ClaimValue") FROM stdin;
\.


--
-- TOC entry 3529 (class 0 OID 17087)
-- Dependencies: 232
-- Data for Name: AspNetUserLogins; Type: TABLE DATA; Schema: public; Owner: admin
--

COPY public."AspNetUserLogins" ("LoginProvider", "ProviderKey", "ProviderDisplayName", "UserId") FROM stdin;
\.


--
-- TOC entry 3530 (class 0 OID 17099)
-- Dependencies: 233
-- Data for Name: AspNetUserRoles; Type: TABLE DATA; Schema: public; Owner: admin
--

COPY public."AspNetUserRoles" ("UserId", "RoleId") FROM stdin;
75861687-af3d-4cb2-b047-c4f53bab09bb	b05f76a0-98b0-4c35-868c-53279448956b
6d3e719a-101c-4adc-86e8-7a534092fbea	0e50c4df-8022-4fc3-94c8-bd3d99e991d4
824c6a9e-0931-43f3-9a79-1bc02e84951b	9ff4cd14-3784-4c94-9aae-a368f672b16c
91e4cc65-d436-4b68-8f4c-520bf642a64c	b6b9cc82-b3b3-4f01-8148-1d1a3fb41a3b
9cfdb926-b36d-4730-8819-05f97544a2de	55ee25d3-7c14-437e-ab00-20f3a202687e
\.


--
-- TOC entry 3531 (class 0 OID 17116)
-- Dependencies: 234
-- Data for Name: AspNetUserTokens; Type: TABLE DATA; Schema: public; Owner: admin
--

COPY public."AspNetUserTokens" ("UserId", "LoginProvider", "Name", "Value") FROM stdin;
\.


--
-- TOC entry 3516 (class 0 OID 17006)
-- Dependencies: 219
-- Data for Name: AspNetUsers; Type: TABLE DATA; Schema: public; Owner: admin
--

COPY public."AspNetUsers" ("Id", "Name", "Surname", "DateOfBirth", "IsActive", "CreatedDate", "UpdatedDate", "UserName", "NormalizedUserName", "Email", "NormalizedEmail", "EmailConfirmed", "PasswordHash", "SecurityStamp", "ConcurrencyStamp", "PhoneNumber", "PhoneNumberConfirmed", "TwoFactorEnabled", "LockoutEnd", "LockoutEnabled", "AccessFailedCount") FROM stdin;
75861687-af3d-4cb2-b047-c4f53bab09bb	Admin	User	1990-01-01 00:00:00+00	t	2024-01-09 21:03:45.299571+00	2024-01-09 21:03:45.354496+00	11111111111	11111111111	admin@example.com	ADMIN@EXAMPLE.COM	f	AQAAAAIAAYagAAAAEKUcyZ1+fc6kTc5Q6teLLFlkkXpBbtvhbPjG5YWbYHcUrqKs0Juu6LDXIqjzfdfM4w==	RHYSHX54AXACQ4QTQT5OW76FYR2DMNLE	ffb63af6-0d7e-46dc-9db6-ecd01761ce87	\N	f	f	\N	t	0
6d3e719a-101c-4adc-86e8-7a534092fbea	User	User	1995-05-05 00:00:00+00	t	2024-01-09 21:03:45.545291+00	2024-01-09 21:03:45.561752+00	22222222222	22222222222	user@example.com	USER@EXAMPLE.COM	f	AQAAAAIAAYagAAAAEMwiO8lhdr+qa/yFd0a9uKandZnz5h9F3Ce6OvJxgVjyPv/Xip00P45c63V+w7GbAQ==	X7OXZTWOBPJVPW4ET3LBSRA5HVR4S4RT	bcbd31f0-c006-4949-9920-93ba64c9309b	\N	f	f	\N	t	0
824c6a9e-0931-43f3-9a79-1bc02e84951b	Auditor	User	1985-10-10 00:00:00+00	t	2024-01-09 21:03:45.643304+00	2024-01-09 21:03:45.659767+00	33333333333	33333333333	auditor@example.com	AUDITOR@EXAMPLE.COM	f	AQAAAAIAAYagAAAAEMK+o4092lt6nLDQUdjQuAe57spIS48eg0M7aKOdNj7bHMVglZkd1dGMaQiCab5s+g==	SMDFRN6YHITREZZ5JTYL6RAKCXU4P2E4	c1bd9287-9ae1-447f-9196-8c9b565f151c	\N	f	f	\N	t	0
91e4cc65-d436-4b68-8f4c-520bf642a64c	CashDesk	User	1980-03-15 00:00:00+00	t	2024-01-09 21:03:45.74851+00	2024-01-09 21:03:45.765947+00	44444444444	44444444444	cashdesk@example.com	CASHDESK@EXAMPLE.COM	f	AQAAAAIAAYagAAAAEIncYA1pPkm4rsp9LwaPaOFzWLJsm78Ug3d0Hnxq1CKGty/ZjcJttG1vO3KvAg+K6g==	B2CCTUZQMNF3ATBXV6X5IKOMHPO2O76Q	ca498305-c3dc-4977-8db8-55981ba63319	\N	f	f	\N	t	0
9cfdb926-b36d-4730-8819-05f97544a2de	CustomerService	User	1992-08-20 00:00:00+00	t	2024-01-09 21:03:45.843495+00	2024-01-09 21:03:45.859056+00	55555555555	55555555555	customerservice@example.com	CUSTOMERSERVICE@EXAMPLE.COM	f	AQAAAAIAAYagAAAAEAcKOziPj12QU+0ij09oBju/x304b5Pc8Yt8BWIUOs7qGPjO3FQz+EtCstBIiZ4fDw==	RXOONTELKZUAZV5WWWLXPWF5JJ2JTQ7Y	e507e708-8fd6-4fbf-b8ad-9bcce27fe211	\N	f	f	\N	t	0
\.


--
-- TOC entry 3542 (class 0 OID 17203)
-- Dependencies: 245
-- Data for Name: AutomaticPaymentHistories; Type: TABLE DATA; Schema: public; Owner: admin
--

COPY public."AutomaticPaymentHistories" ("Id", "RegistrationId", "Comment", "PaymentDate", "PaymentAmount", "IsPaid", "TransactionId") FROM stdin;
\.


--
-- TOC entry 3533 (class 0 OID 17129)
-- Dependencies: 236
-- Data for Name: AutomaticPaymentRegistrations; Type: TABLE DATA; Schema: public; Owner: admin
--

COPY public."AutomaticPaymentRegistrations" ("Id", "Name", "PaymentType", "PaymentAmount", "PaymentDueDay", "PaymentDueCount", "PaymentDuePaidCount", "IsActive", "UserId", "BelongToSystem") FROM stdin;
\.


--
-- TOC entry 3518 (class 0 OID 17016)
-- Dependencies: 221
-- Data for Name: ExternalAccountInformations; Type: TABLE DATA; Schema: public; Owner: admin
--

COPY public."ExternalAccountInformations" ("Id", "AccountNumber", "BankName", "OwnerFullName") FROM stdin;
\.


--
-- TOC entry 3540 (class 0 OID 17180)
-- Dependencies: 243
-- Data for Name: LoanApplications; Type: TABLE DATA; Schema: public; Owner: admin
--

COPY public."LoanApplications" ("Id", "UserId", "LoanTypeId", "RequestedAmount", "InstallmentCount", "IsRejected", "IsApproved", "ApproverId", "ApprovalDate", "TransactionId", "CreatedDate", "UpdatedDate", "IsActive") FROM stdin;
\.


--
-- TOC entry 3520 (class 0 OID 17024)
-- Dependencies: 223
-- Data for Name: LoanTypes; Type: TABLE DATA; Schema: public; Owner: admin
--

COPY public."LoanTypes" ("Id", "Name", "InterestRate", "MaxInstallmentOption", "MinInstallmentOption", "MinLoanAmount", "MaxLoanAmount", "MinCreditScore", "MaxCreditScore", "CreatedDate", "UpdatedDate", "IsActive") FROM stdin;
1	İhtiyaç Kredisi	4.00	12	4	0.00	0.00	100	500	-infinity	\N	f
2	Ev Kredisi	10.00	36	4	0.00	0.00	600	1000	-infinity	\N	f
\.


--
-- TOC entry 3535 (class 0 OID 17142)
-- Dependencies: 238
-- Data for Name: Tickets; Type: TABLE DATA; Schema: public; Owner: admin
--

COPY public."Tickets" ("Id", "Title", "Description", "ResolvedDate", "Status", "Priority", "UserId", "CreatedDate", "UpdatedDate", "IsActive") FROM stdin;
\.


--
-- TOC entry 3522 (class 0 OID 17030)
-- Dependencies: 225
-- Data for Name: Transactions; Type: TABLE DATA; Schema: public; Owner: admin
--

COPY public."Transactions" ("Id", "Amount", "TransactionDate", "IsConfirmed") FROM stdin;
\.


--
-- TOC entry 3523 (class 0 OID 17035)
-- Dependencies: 226
-- Data for Name: UserRefreshTokens; Type: TABLE DATA; Schema: public; Owner: admin
--

COPY public."UserRefreshTokens" ("UserId", "Code", "Expiration") FROM stdin;
\.


--
-- TOC entry 3536 (class 0 OID 17154)
-- Dependencies: 239
-- Data for Name: UserTransactionLimits; Type: TABLE DATA; Schema: public; Owner: admin
--

COPY public."UserTransactionLimits" ("UserId", "DailyTransactionLimit", "DailyTransactionAmount", "LastProcessDate", "InstantTransactionLimit") FROM stdin;
75861687-af3d-4cb2-b047-c4f53bab09bb	1000000.00	0.00	2024-01-09 21:03:45.383148+00	5000.00
6d3e719a-101c-4adc-86e8-7a534092fbea	1000000.00	0.00	2024-01-09 21:03:45.566456+00	5000.00
824c6a9e-0931-43f3-9a79-1bc02e84951b	1000000.00	0.00	2024-01-09 21:03:45.664326+00	5000.00
91e4cc65-d436-4b68-8f4c-520bf642a64c	1000000.00	0.00	2024-01-09 21:03:45.770376+00	5000.00
9cfdb926-b36d-4730-8819-05f97544a2de	1000000.00	0.00	2024-01-09 21:03:45.863248+00	5000.00
\.


--
-- TOC entry 3512 (class 0 OID 16986)
-- Dependencies: 215
-- Data for Name: __EFMigrationsHistory; Type: TABLE DATA; Schema: public; Owner: admin
--

COPY public."__EFMigrationsHistory" ("MigrationId", "ProductVersion") FROM stdin;
20240109205030_LAstMigration	7.0.14
\.


--
-- TOC entry 3549 (class 0 OID 0)
-- Dependencies: 216
-- Name: AccountTypes_Id_seq; Type: SEQUENCE SET; Schema: public; Owner: admin
--

SELECT pg_catalog.setval('public."AccountTypes_Id_seq"', 4, false);


--
-- TOC entry 3550 (class 0 OID 0)
-- Dependencies: 240
-- Name: AffectedAccounts_Id_seq; Type: SEQUENCE SET; Schema: public; Owner: admin
--

SELECT pg_catalog.setval('public."AffectedAccounts_Id_seq"', 1, false);


--
-- TOC entry 3551 (class 0 OID 0)
-- Dependencies: 227
-- Name: AspNetRoleClaims_Id_seq; Type: SEQUENCE SET; Schema: public; Owner: admin
--

SELECT pg_catalog.setval('public."AspNetRoleClaims_Id_seq"', 1, false);


--
-- TOC entry 3552 (class 0 OID 0)
-- Dependencies: 230
-- Name: AspNetUserClaims_Id_seq; Type: SEQUENCE SET; Schema: public; Owner: admin
--

SELECT pg_catalog.setval('public."AspNetUserClaims_Id_seq"', 1, false);


--
-- TOC entry 3553 (class 0 OID 0)
-- Dependencies: 244
-- Name: AutomaticPaymentHistories_Id_seq; Type: SEQUENCE SET; Schema: public; Owner: admin
--

SELECT pg_catalog.setval('public."AutomaticPaymentHistories_Id_seq"', 1, false);


--
-- TOC entry 3554 (class 0 OID 0)
-- Dependencies: 235
-- Name: AutomaticPaymentRegistrations_Id_seq; Type: SEQUENCE SET; Schema: public; Owner: admin
--

SELECT pg_catalog.setval('public."AutomaticPaymentRegistrations_Id_seq"', 1, false);


--
-- TOC entry 3555 (class 0 OID 0)
-- Dependencies: 220
-- Name: ExternalAccountInformations_Id_seq; Type: SEQUENCE SET; Schema: public; Owner: admin
--

SELECT pg_catalog.setval('public."ExternalAccountInformations_Id_seq"', 1, false);


--
-- TOC entry 3556 (class 0 OID 0)
-- Dependencies: 242
-- Name: LoanApplications_Id_seq; Type: SEQUENCE SET; Schema: public; Owner: admin
--

SELECT pg_catalog.setval('public."LoanApplications_Id_seq"', 1, false);


--
-- TOC entry 3557 (class 0 OID 0)
-- Dependencies: 222
-- Name: LoanTypes_Id_seq; Type: SEQUENCE SET; Schema: public; Owner: admin
--

SELECT pg_catalog.setval('public."LoanTypes_Id_seq"', 3, false);


--
-- TOC entry 3558 (class 0 OID 0)
-- Dependencies: 237
-- Name: Tickets_Id_seq; Type: SEQUENCE SET; Schema: public; Owner: admin
--

SELECT pg_catalog.setval('public."Tickets_Id_seq"', 1, false);


--
-- TOC entry 3559 (class 0 OID 0)
-- Dependencies: 224
-- Name: Transactions_Id_seq; Type: SEQUENCE SET; Schema: public; Owner: admin
--

SELECT pg_catalog.setval('public."Transactions_Id_seq"', 1, false);


--
-- TOC entry 3298 (class 2606 OID 16998)
-- Name: AccountTypes PK_AccountTypes; Type: CONSTRAINT; Schema: public; Owner: admin
--

ALTER TABLE ONLY public."AccountTypes"
    ADD CONSTRAINT "PK_AccountTypes" PRIMARY KEY ("Id");


--
-- TOC entry 3320 (class 2606 OID 17063)
-- Name: Accounts PK_Accounts; Type: CONSTRAINT; Schema: public; Owner: admin
--

ALTER TABLE ONLY public."Accounts"
    ADD CONSTRAINT "PK_Accounts" PRIMARY KEY ("Id");


--
-- TOC entry 3342 (class 2606 OID 17173)
-- Name: AffectedAccounts PK_AffectedAccounts; Type: CONSTRAINT; Schema: public; Owner: admin
--

ALTER TABLE ONLY public."AffectedAccounts"
    ADD CONSTRAINT "PK_AffectedAccounts" PRIMARY KEY ("Id");


--
-- TOC entry 3316 (class 2606 OID 17049)
-- Name: AspNetRoleClaims PK_AspNetRoleClaims; Type: CONSTRAINT; Schema: public; Owner: admin
--

ALTER TABLE ONLY public."AspNetRoleClaims"
    ADD CONSTRAINT "PK_AspNetRoleClaims" PRIMARY KEY ("Id");


--
-- TOC entry 3300 (class 2606 OID 17005)
-- Name: AspNetRoles PK_AspNetRoles; Type: CONSTRAINT; Schema: public; Owner: admin
--

ALTER TABLE ONLY public."AspNetRoles"
    ADD CONSTRAINT "PK_AspNetRoles" PRIMARY KEY ("Id");


--
-- TOC entry 3323 (class 2606 OID 17081)
-- Name: AspNetUserClaims PK_AspNetUserClaims; Type: CONSTRAINT; Schema: public; Owner: admin
--

ALTER TABLE ONLY public."AspNetUserClaims"
    ADD CONSTRAINT "PK_AspNetUserClaims" PRIMARY KEY ("Id");


--
-- TOC entry 3326 (class 2606 OID 17093)
-- Name: AspNetUserLogins PK_AspNetUserLogins; Type: CONSTRAINT; Schema: public; Owner: admin
--

ALTER TABLE ONLY public."AspNetUserLogins"
    ADD CONSTRAINT "PK_AspNetUserLogins" PRIMARY KEY ("LoginProvider", "ProviderKey");


--
-- TOC entry 3329 (class 2606 OID 17105)
-- Name: AspNetUserRoles PK_AspNetUserRoles; Type: CONSTRAINT; Schema: public; Owner: admin
--

ALTER TABLE ONLY public."AspNetUserRoles"
    ADD CONSTRAINT "PK_AspNetUserRoles" PRIMARY KEY ("UserId", "RoleId");


--
-- TOC entry 3331 (class 2606 OID 17122)
-- Name: AspNetUserTokens PK_AspNetUserTokens; Type: CONSTRAINT; Schema: public; Owner: admin
--

ALTER TABLE ONLY public."AspNetUserTokens"
    ADD CONSTRAINT "PK_AspNetUserTokens" PRIMARY KEY ("UserId", "LoginProvider", "Name");


--
-- TOC entry 3304 (class 2606 OID 17014)
-- Name: AspNetUsers PK_AspNetUsers; Type: CONSTRAINT; Schema: public; Owner: admin
--

ALTER TABLE ONLY public."AspNetUsers"
    ADD CONSTRAINT "PK_AspNetUsers" PRIMARY KEY ("Id");


--
-- TOC entry 3351 (class 2606 OID 17209)
-- Name: AutomaticPaymentHistories PK_AutomaticPaymentHistories; Type: CONSTRAINT; Schema: public; Owner: admin
--

ALTER TABLE ONLY public."AutomaticPaymentHistories"
    ADD CONSTRAINT "PK_AutomaticPaymentHistories" PRIMARY KEY ("Id");


--
-- TOC entry 3334 (class 2606 OID 17135)
-- Name: AutomaticPaymentRegistrations PK_AutomaticPaymentRegistrations; Type: CONSTRAINT; Schema: public; Owner: admin
--

ALTER TABLE ONLY public."AutomaticPaymentRegistrations"
    ADD CONSTRAINT "PK_AutomaticPaymentRegistrations" PRIMARY KEY ("Id");


--
-- TOC entry 3307 (class 2606 OID 17022)
-- Name: ExternalAccountInformations PK_ExternalAccountInformations; Type: CONSTRAINT; Schema: public; Owner: admin
--

ALTER TABLE ONLY public."ExternalAccountInformations"
    ADD CONSTRAINT "PK_ExternalAccountInformations" PRIMARY KEY ("Id");


--
-- TOC entry 3347 (class 2606 OID 17186)
-- Name: LoanApplications PK_LoanApplications; Type: CONSTRAINT; Schema: public; Owner: admin
--

ALTER TABLE ONLY public."LoanApplications"
    ADD CONSTRAINT "PK_LoanApplications" PRIMARY KEY ("Id");


--
-- TOC entry 3309 (class 2606 OID 17028)
-- Name: LoanTypes PK_LoanTypes; Type: CONSTRAINT; Schema: public; Owner: admin
--

ALTER TABLE ONLY public."LoanTypes"
    ADD CONSTRAINT "PK_LoanTypes" PRIMARY KEY ("Id");


--
-- TOC entry 3337 (class 2606 OID 17148)
-- Name: Tickets PK_Tickets; Type: CONSTRAINT; Schema: public; Owner: admin
--

ALTER TABLE ONLY public."Tickets"
    ADD CONSTRAINT "PK_Tickets" PRIMARY KEY ("Id");


--
-- TOC entry 3311 (class 2606 OID 17034)
-- Name: Transactions PK_Transactions; Type: CONSTRAINT; Schema: public; Owner: admin
--

ALTER TABLE ONLY public."Transactions"
    ADD CONSTRAINT "PK_Transactions" PRIMARY KEY ("Id");


--
-- TOC entry 3313 (class 2606 OID 17041)
-- Name: UserRefreshTokens PK_UserRefreshTokens; Type: CONSTRAINT; Schema: public; Owner: admin
--

ALTER TABLE ONLY public."UserRefreshTokens"
    ADD CONSTRAINT "PK_UserRefreshTokens" PRIMARY KEY ("UserId");


--
-- TOC entry 3339 (class 2606 OID 17160)
-- Name: UserTransactionLimits PK_UserTransactionLimits; Type: CONSTRAINT; Schema: public; Owner: admin
--

ALTER TABLE ONLY public."UserTransactionLimits"
    ADD CONSTRAINT "PK_UserTransactionLimits" PRIMARY KEY ("UserId");


--
-- TOC entry 3296 (class 2606 OID 16990)
-- Name: __EFMigrationsHistory PK___EFMigrationsHistory; Type: CONSTRAINT; Schema: public; Owner: admin
--

ALTER TABLE ONLY public."__EFMigrationsHistory"
    ADD CONSTRAINT "PK___EFMigrationsHistory" PRIMARY KEY ("MigrationId");


--
-- TOC entry 3302 (class 1259 OID 17228)
-- Name: EmailIndex; Type: INDEX; Schema: public; Owner: admin
--

CREATE INDEX "EmailIndex" ON public."AspNetUsers" USING btree ("NormalizedEmail");


--
-- TOC entry 3317 (class 1259 OID 17220)
-- Name: IX_Accounts_AccountTypeId; Type: INDEX; Schema: public; Owner: admin
--

CREATE INDEX "IX_Accounts_AccountTypeId" ON public."Accounts" USING btree ("AccountTypeId");


--
-- TOC entry 3318 (class 1259 OID 17221)
-- Name: IX_Accounts_UserAppId; Type: INDEX; Schema: public; Owner: admin
--

CREATE INDEX "IX_Accounts_UserAppId" ON public."Accounts" USING btree ("UserAppId");


--
-- TOC entry 3340 (class 1259 OID 17222)
-- Name: IX_AffectedAccounts_TransactionId; Type: INDEX; Schema: public; Owner: admin
--

CREATE INDEX "IX_AffectedAccounts_TransactionId" ON public."AffectedAccounts" USING btree ("TransactionId");


--
-- TOC entry 3314 (class 1259 OID 17223)
-- Name: IX_AspNetRoleClaims_RoleId; Type: INDEX; Schema: public; Owner: admin
--

CREATE INDEX "IX_AspNetRoleClaims_RoleId" ON public."AspNetRoleClaims" USING btree ("RoleId");


--
-- TOC entry 3321 (class 1259 OID 17225)
-- Name: IX_AspNetUserClaims_UserId; Type: INDEX; Schema: public; Owner: admin
--

CREATE INDEX "IX_AspNetUserClaims_UserId" ON public."AspNetUserClaims" USING btree ("UserId");


--
-- TOC entry 3324 (class 1259 OID 17226)
-- Name: IX_AspNetUserLogins_UserId; Type: INDEX; Schema: public; Owner: admin
--

CREATE INDEX "IX_AspNetUserLogins_UserId" ON public."AspNetUserLogins" USING btree ("UserId");


--
-- TOC entry 3327 (class 1259 OID 17227)
-- Name: IX_AspNetUserRoles_RoleId; Type: INDEX; Schema: public; Owner: admin
--

CREATE INDEX "IX_AspNetUserRoles_RoleId" ON public."AspNetUserRoles" USING btree ("RoleId");


--
-- TOC entry 3348 (class 1259 OID 17230)
-- Name: IX_AutomaticPaymentHistories_RegistrationId; Type: INDEX; Schema: public; Owner: admin
--

CREATE INDEX "IX_AutomaticPaymentHistories_RegistrationId" ON public."AutomaticPaymentHistories" USING btree ("RegistrationId");


--
-- TOC entry 3349 (class 1259 OID 17231)
-- Name: IX_AutomaticPaymentHistories_TransactionId; Type: INDEX; Schema: public; Owner: admin
--

CREATE INDEX "IX_AutomaticPaymentHistories_TransactionId" ON public."AutomaticPaymentHistories" USING btree ("TransactionId");


--
-- TOC entry 3332 (class 1259 OID 17232)
-- Name: IX_AutomaticPaymentRegistrations_UserId; Type: INDEX; Schema: public; Owner: admin
--

CREATE INDEX "IX_AutomaticPaymentRegistrations_UserId" ON public."AutomaticPaymentRegistrations" USING btree ("UserId");


--
-- TOC entry 3343 (class 1259 OID 17233)
-- Name: IX_LoanApplications_LoanTypeId; Type: INDEX; Schema: public; Owner: admin
--

CREATE INDEX "IX_LoanApplications_LoanTypeId" ON public."LoanApplications" USING btree ("LoanTypeId");


--
-- TOC entry 3344 (class 1259 OID 17234)
-- Name: IX_LoanApplications_TransactionId; Type: INDEX; Schema: public; Owner: admin
--

CREATE INDEX "IX_LoanApplications_TransactionId" ON public."LoanApplications" USING btree ("TransactionId");


--
-- TOC entry 3345 (class 1259 OID 17235)
-- Name: IX_LoanApplications_UserId; Type: INDEX; Schema: public; Owner: admin
--

CREATE INDEX "IX_LoanApplications_UserId" ON public."LoanApplications" USING btree ("UserId");


--
-- TOC entry 3335 (class 1259 OID 17236)
-- Name: IX_Tickets_UserId; Type: INDEX; Schema: public; Owner: admin
--

CREATE INDEX "IX_Tickets_UserId" ON public."Tickets" USING btree ("UserId");


--
-- TOC entry 3301 (class 1259 OID 17224)
-- Name: RoleNameIndex; Type: INDEX; Schema: public; Owner: admin
--

CREATE UNIQUE INDEX "RoleNameIndex" ON public."AspNetRoles" USING btree ("NormalizedName");


--
-- TOC entry 3305 (class 1259 OID 17229)
-- Name: UserNameIndex; Type: INDEX; Schema: public; Owner: admin
--

CREATE UNIQUE INDEX "UserNameIndex" ON public."AspNetUsers" USING btree ("NormalizedUserName");


--
-- TOC entry 3353 (class 2606 OID 17064)
-- Name: Accounts FK_Accounts_AccountTypes_AccountTypeId; Type: FK CONSTRAINT; Schema: public; Owner: admin
--

ALTER TABLE ONLY public."Accounts"
    ADD CONSTRAINT "FK_Accounts_AccountTypes_AccountTypeId" FOREIGN KEY ("AccountTypeId") REFERENCES public."AccountTypes"("Id");


--
-- TOC entry 3354 (class 2606 OID 17069)
-- Name: Accounts FK_Accounts_AspNetUsers_UserAppId; Type: FK CONSTRAINT; Schema: public; Owner: admin
--

ALTER TABLE ONLY public."Accounts"
    ADD CONSTRAINT "FK_Accounts_AspNetUsers_UserAppId" FOREIGN KEY ("UserAppId") REFERENCES public."AspNetUsers"("Id") ON DELETE CASCADE;


--
-- TOC entry 3363 (class 2606 OID 17174)
-- Name: AffectedAccounts FK_AffectedAccounts_Transactions_TransactionId; Type: FK CONSTRAINT; Schema: public; Owner: admin
--

ALTER TABLE ONLY public."AffectedAccounts"
    ADD CONSTRAINT "FK_AffectedAccounts_Transactions_TransactionId" FOREIGN KEY ("TransactionId") REFERENCES public."Transactions"("Id") ON DELETE CASCADE;


--
-- TOC entry 3352 (class 2606 OID 17050)
-- Name: AspNetRoleClaims FK_AspNetRoleClaims_AspNetRoles_RoleId; Type: FK CONSTRAINT; Schema: public; Owner: admin
--

ALTER TABLE ONLY public."AspNetRoleClaims"
    ADD CONSTRAINT "FK_AspNetRoleClaims_AspNetRoles_RoleId" FOREIGN KEY ("RoleId") REFERENCES public."AspNetRoles"("Id") ON DELETE CASCADE;


--
-- TOC entry 3355 (class 2606 OID 17082)
-- Name: AspNetUserClaims FK_AspNetUserClaims_AspNetUsers_UserId; Type: FK CONSTRAINT; Schema: public; Owner: admin
--

ALTER TABLE ONLY public."AspNetUserClaims"
    ADD CONSTRAINT "FK_AspNetUserClaims_AspNetUsers_UserId" FOREIGN KEY ("UserId") REFERENCES public."AspNetUsers"("Id") ON DELETE CASCADE;


--
-- TOC entry 3356 (class 2606 OID 17094)
-- Name: AspNetUserLogins FK_AspNetUserLogins_AspNetUsers_UserId; Type: FK CONSTRAINT; Schema: public; Owner: admin
--

ALTER TABLE ONLY public."AspNetUserLogins"
    ADD CONSTRAINT "FK_AspNetUserLogins_AspNetUsers_UserId" FOREIGN KEY ("UserId") REFERENCES public."AspNetUsers"("Id") ON DELETE CASCADE;


--
-- TOC entry 3357 (class 2606 OID 17106)
-- Name: AspNetUserRoles FK_AspNetUserRoles_AspNetRoles_RoleId; Type: FK CONSTRAINT; Schema: public; Owner: admin
--

ALTER TABLE ONLY public."AspNetUserRoles"
    ADD CONSTRAINT "FK_AspNetUserRoles_AspNetRoles_RoleId" FOREIGN KEY ("RoleId") REFERENCES public."AspNetRoles"("Id") ON DELETE CASCADE;


--
-- TOC entry 3358 (class 2606 OID 17111)
-- Name: AspNetUserRoles FK_AspNetUserRoles_AspNetUsers_UserId; Type: FK CONSTRAINT; Schema: public; Owner: admin
--

ALTER TABLE ONLY public."AspNetUserRoles"
    ADD CONSTRAINT "FK_AspNetUserRoles_AspNetUsers_UserId" FOREIGN KEY ("UserId") REFERENCES public."AspNetUsers"("Id") ON DELETE CASCADE;


--
-- TOC entry 3359 (class 2606 OID 17123)
-- Name: AspNetUserTokens FK_AspNetUserTokens_AspNetUsers_UserId; Type: FK CONSTRAINT; Schema: public; Owner: admin
--

ALTER TABLE ONLY public."AspNetUserTokens"
    ADD CONSTRAINT "FK_AspNetUserTokens_AspNetUsers_UserId" FOREIGN KEY ("UserId") REFERENCES public."AspNetUsers"("Id") ON DELETE CASCADE;


--
-- TOC entry 3367 (class 2606 OID 17210)
-- Name: AutomaticPaymentHistories FK_AutomaticPaymentHistories_AutomaticPaymentRegistrations_Reg~; Type: FK CONSTRAINT; Schema: public; Owner: admin
--

ALTER TABLE ONLY public."AutomaticPaymentHistories"
    ADD CONSTRAINT "FK_AutomaticPaymentHistories_AutomaticPaymentRegistrations_Reg~" FOREIGN KEY ("RegistrationId") REFERENCES public."AutomaticPaymentRegistrations"("Id") ON DELETE CASCADE;


--
-- TOC entry 3368 (class 2606 OID 17215)
-- Name: AutomaticPaymentHistories FK_AutomaticPaymentHistories_Transactions_TransactionId; Type: FK CONSTRAINT; Schema: public; Owner: admin
--

ALTER TABLE ONLY public."AutomaticPaymentHistories"
    ADD CONSTRAINT "FK_AutomaticPaymentHistories_Transactions_TransactionId" FOREIGN KEY ("TransactionId") REFERENCES public."Transactions"("Id");


--
-- TOC entry 3360 (class 2606 OID 17136)
-- Name: AutomaticPaymentRegistrations FK_AutomaticPaymentRegistrations_AspNetUsers_UserId; Type: FK CONSTRAINT; Schema: public; Owner: admin
--

ALTER TABLE ONLY public."AutomaticPaymentRegistrations"
    ADD CONSTRAINT "FK_AutomaticPaymentRegistrations_AspNetUsers_UserId" FOREIGN KEY ("UserId") REFERENCES public."AspNetUsers"("Id") ON DELETE CASCADE;


--
-- TOC entry 3364 (class 2606 OID 17187)
-- Name: LoanApplications FK_LoanApplications_AspNetUsers_UserId; Type: FK CONSTRAINT; Schema: public; Owner: admin
--

ALTER TABLE ONLY public."LoanApplications"
    ADD CONSTRAINT "FK_LoanApplications_AspNetUsers_UserId" FOREIGN KEY ("UserId") REFERENCES public."AspNetUsers"("Id");


--
-- TOC entry 3365 (class 2606 OID 17192)
-- Name: LoanApplications FK_LoanApplications_LoanTypes_LoanTypeId; Type: FK CONSTRAINT; Schema: public; Owner: admin
--

ALTER TABLE ONLY public."LoanApplications"
    ADD CONSTRAINT "FK_LoanApplications_LoanTypes_LoanTypeId" FOREIGN KEY ("LoanTypeId") REFERENCES public."LoanTypes"("Id");


--
-- TOC entry 3366 (class 2606 OID 17197)
-- Name: LoanApplications FK_LoanApplications_Transactions_TransactionId; Type: FK CONSTRAINT; Schema: public; Owner: admin
--

ALTER TABLE ONLY public."LoanApplications"
    ADD CONSTRAINT "FK_LoanApplications_Transactions_TransactionId" FOREIGN KEY ("TransactionId") REFERENCES public."Transactions"("Id") ON DELETE SET NULL;


--
-- TOC entry 3361 (class 2606 OID 17149)
-- Name: Tickets FK_Tickets_AspNetUsers_UserId; Type: FK CONSTRAINT; Schema: public; Owner: admin
--

ALTER TABLE ONLY public."Tickets"
    ADD CONSTRAINT "FK_Tickets_AspNetUsers_UserId" FOREIGN KEY ("UserId") REFERENCES public."AspNetUsers"("Id") ON DELETE CASCADE;


--
-- TOC entry 3362 (class 2606 OID 17161)
-- Name: UserTransactionLimits FK_UserTransactionLimits_AspNetUsers_UserId; Type: FK CONSTRAINT; Schema: public; Owner: admin
--

ALTER TABLE ONLY public."UserTransactionLimits"
    ADD CONSTRAINT "FK_UserTransactionLimits_AspNetUsers_UserId" FOREIGN KEY ("UserId") REFERENCES public."AspNetUsers"("Id") ON DELETE CASCADE;


-- Completed on 2024-01-09 21:20:42 UTC

--
-- PostgreSQL database dump complete
--

