--
-- PostgreSQL database dump
--

-- Dumped from database version 16.1 (Debian 16.1-1.pgdg120+1)
-- Dumped by pg_dump version 16.1

-- Started on 2024-01-07 12:27:48 UTC

SET statement_timeout = 0;
SET lock_timeout = 0;
SET idle_in_transaction_session_timeout = 0;
SET client_encoding = 'UTF8';
SET standard_conforming_strings = on;
SELECT pg_catalog.set_config('search_path', '', false);
SET check_function_bodies = false;
SET xmloption = content;
SET client_min_messages = warning;
SET row_security = off;


CREATE DATABASE "CreditWiseHubDB" WITH TEMPLATE = template0 ENCODING = 'UTF8' LOCALE_PROVIDER = libc LOCALE = 'en_US.utf8';


ALTER DATABASE "CreditWiseHubDB" OWNER TO admin;

\connect "CreditWiseHubDB"


SET statement_timeout = 0;
SET lock_timeout = 0;
SET idle_in_transaction_session_timeout = 0;
SET client_encoding = 'UTF8';
SET standard_conforming_strings = on;
SELECT pg_catalog.set_config('search_path', '', false);
SET check_function_bodies = false;
SET xmloption = content;
SET client_min_messages = warning;
SET row_security = off;

SET default_tablespace = '';

SET default_table_access_method = heap;

--
-- TOC entry 217 (class 1259 OID 16736)
-- Name: AccountTypes; Type: TABLE; Schema: public; Owner: admin
--

CREATE TABLE public."AccountTypes" (
    "Id" integer NOT NULL,
    "Name" character varying(50) NOT NULL,
    "MinimumOpeningBalance" numeric(18,2) NOT NULL,
    "Description" character varying(255),
    "CreatedDate" timestamp with time zone DEFAULT '2024-01-07 09:50:44.219246+00'::timestamp with time zone NOT NULL,
    "UpdatedDate" timestamp with time zone,
    "IsActive" boolean DEFAULT true NOT NULL
);


ALTER TABLE public."AccountTypes" OWNER TO admin;

--
-- TOC entry 216 (class 1259 OID 16735)
-- Name: AccountTypes_Id_seq; Type: SEQUENCE; Schema: public; Owner: admin
--

ALTER TABLE public."AccountTypes" ALTER COLUMN "Id" ADD GENERATED BY DEFAULT AS IDENTITY (
    SEQUENCE NAME public."AccountTypes_Id_seq"
    START WITH 1
    INCREMENT BY 1
    NO MINVALUE
    NO MAXVALUE
    CACHE 1
);


--
-- TOC entry 229 (class 1259 OID 16799)
-- Name: Accounts; Type: TABLE; Schema: public; Owner: admin
--

CREATE TABLE public."Accounts" (
    "Id" uuid NOT NULL,
    "AccountNumber" text NOT NULL,
    "Name" text NOT NULL,
    "Description" text,
    "Balance" numeric NOT NULL,
    "UserAppId" text NOT NULL,
    "AccountTypeId" integer NOT NULL,
    "CreatedDate" timestamp with time zone DEFAULT '2024-01-07 09:50:44.219011+00'::timestamp with time zone NOT NULL,
    "UpdatedDate" timestamp with time zone,
    "IsActive" boolean DEFAULT true NOT NULL
);


ALTER TABLE public."Accounts" OWNER TO admin;

--
-- TOC entry 239 (class 1259 OID 16898)
-- Name: AffectedAccounts; Type: TABLE; Schema: public; Owner: admin
--

CREATE TABLE public."AffectedAccounts" (
    "Id" bigint NOT NULL,
    "AccountNumber" text NOT NULL,
    "Description" character varying(255),
    "IsReceiverAccount" boolean NOT NULL,
    "IsExternal" boolean,
    "BeforeBalance" numeric(18,2),
    "AfterBalance" numeric(18,2),
    "TransactionId" bigint NOT NULL
);


ALTER TABLE public."AffectedAccounts" OWNER TO admin;

--
-- TOC entry 238 (class 1259 OID 16897)
-- Name: AffectedAccounts_Id_seq; Type: SEQUENCE; Schema: public; Owner: admin
--

ALTER TABLE public."AffectedAccounts" ALTER COLUMN "Id" ADD GENERATED BY DEFAULT AS IDENTITY (
    SEQUENCE NAME public."AffectedAccounts_Id_seq"
    START WITH 1
    INCREMENT BY 1
    NO MINVALUE
    NO MAXVALUE
    CACHE 1
);


--
-- TOC entry 228 (class 1259 OID 16787)
-- Name: AspNetRoleClaims; Type: TABLE; Schema: public; Owner: admin
--

CREATE TABLE public."AspNetRoleClaims" (
    "Id" integer NOT NULL,
    "RoleId" text NOT NULL,
    "ClaimType" text,
    "ClaimValue" text
);


ALTER TABLE public."AspNetRoleClaims" OWNER TO admin;

--
-- TOC entry 227 (class 1259 OID 16786)
-- Name: AspNetRoleClaims_Id_seq; Type: SEQUENCE; Schema: public; Owner: admin
--

ALTER TABLE public."AspNetRoleClaims" ALTER COLUMN "Id" ADD GENERATED BY DEFAULT AS IDENTITY (
    SEQUENCE NAME public."AspNetRoleClaims_Id_seq"
    START WITH 1
    INCREMENT BY 1
    NO MINVALUE
    NO MAXVALUE
    CACHE 1
);


--
-- TOC entry 218 (class 1259 OID 16743)
-- Name: AspNetRoles; Type: TABLE; Schema: public; Owner: admin
--

CREATE TABLE public."AspNetRoles" (
    "Id" text NOT NULL,
    "Name" character varying(256),
    "NormalizedName" character varying(256),
    "ConcurrencyStamp" text
);


ALTER TABLE public."AspNetRoles" OWNER TO admin;

--
-- TOC entry 231 (class 1259 OID 16819)
-- Name: AspNetUserClaims; Type: TABLE; Schema: public; Owner: admin
--

CREATE TABLE public."AspNetUserClaims" (
    "Id" integer NOT NULL,
    "UserId" text NOT NULL,
    "ClaimType" text,
    "ClaimValue" text
);


ALTER TABLE public."AspNetUserClaims" OWNER TO admin;

--
-- TOC entry 230 (class 1259 OID 16818)
-- Name: AspNetUserClaims_Id_seq; Type: SEQUENCE; Schema: public; Owner: admin
--

ALTER TABLE public."AspNetUserClaims" ALTER COLUMN "Id" ADD GENERATED BY DEFAULT AS IDENTITY (
    SEQUENCE NAME public."AspNetUserClaims_Id_seq"
    START WITH 1
    INCREMENT BY 1
    NO MINVALUE
    NO MAXVALUE
    CACHE 1
);


--
-- TOC entry 232 (class 1259 OID 16831)
-- Name: AspNetUserLogins; Type: TABLE; Schema: public; Owner: admin
--

CREATE TABLE public."AspNetUserLogins" (
    "LoginProvider" text NOT NULL,
    "ProviderKey" text NOT NULL,
    "ProviderDisplayName" text,
    "UserId" text NOT NULL
);


ALTER TABLE public."AspNetUserLogins" OWNER TO admin;

--
-- TOC entry 233 (class 1259 OID 16843)
-- Name: AspNetUserRoles; Type: TABLE; Schema: public; Owner: admin
--

CREATE TABLE public."AspNetUserRoles" (
    "UserId" text NOT NULL,
    "RoleId" text NOT NULL
);


ALTER TABLE public."AspNetUserRoles" OWNER TO admin;

--
-- TOC entry 234 (class 1259 OID 16860)
-- Name: AspNetUserTokens; Type: TABLE; Schema: public; Owner: admin
--

CREATE TABLE public."AspNetUserTokens" (
    "UserId" text NOT NULL,
    "LoginProvider" text NOT NULL,
    "Name" text NOT NULL,
    "Value" text
);


ALTER TABLE public."AspNetUserTokens" OWNER TO admin;

--
-- TOC entry 219 (class 1259 OID 16750)
-- Name: AspNetUsers; Type: TABLE; Schema: public; Owner: admin
--

CREATE TABLE public."AspNetUsers" (
    "Id" text NOT NULL,
    "Name" character varying(50) NOT NULL,
    "Surname" character varying(50) NOT NULL,
    "DateOfBirth" timestamp with time zone NOT NULL,
    "IsActive" boolean DEFAULT true NOT NULL,
    "CreatedDate" timestamp with time zone DEFAULT '2024-01-07 09:50:44.220815+00'::timestamp with time zone NOT NULL,
    "UpdatedDate" timestamp with time zone,
    "UserName" character varying(256) NOT NULL,
    "NormalizedUserName" character varying(256),
    "Email" character varying(256),
    "NormalizedEmail" character varying(256),
    "EmailConfirmed" boolean NOT NULL,
    "PasswordHash" text,
    "SecurityStamp" text,
    "ConcurrencyStamp" text,
    "PhoneNumber" text,
    "PhoneNumberConfirmed" boolean NOT NULL,
    "TwoFactorEnabled" boolean NOT NULL,
    "LockoutEnd" timestamp with time zone,
    "LockoutEnabled" boolean NOT NULL,
    "AccessFailedCount" integer NOT NULL
);


ALTER TABLE public."AspNetUsers" OWNER TO admin;

--
-- TOC entry 243 (class 1259 OID 16934)
-- Name: AutomaticPaymentHistories; Type: TABLE; Schema: public; Owner: admin
--

CREATE TABLE public."AutomaticPaymentHistories" (
    "Id" bigint NOT NULL,
    "RegistrationId" bigint NOT NULL,
    "Comment" text NOT NULL,
    "PaymentDate" timestamp with time zone NOT NULL,
    "PaymentAmount" numeric NOT NULL,
    "IsPaid" boolean NOT NULL,
    "TransactionId" bigint
);


ALTER TABLE public."AutomaticPaymentHistories" OWNER TO admin;

--
-- TOC entry 242 (class 1259 OID 16933)
-- Name: AutomaticPaymentHistories_Id_seq; Type: SEQUENCE; Schema: public; Owner: admin
--

ALTER TABLE public."AutomaticPaymentHistories" ALTER COLUMN "Id" ADD GENERATED BY DEFAULT AS IDENTITY (
    SEQUENCE NAME public."AutomaticPaymentHistories_Id_seq"
    START WITH 1
    INCREMENT BY 1
    NO MINVALUE
    NO MAXVALUE
    CACHE 1
);


--
-- TOC entry 236 (class 1259 OID 16873)
-- Name: AutomaticPaymentRegistrations; Type: TABLE; Schema: public; Owner: admin
--

CREATE TABLE public."AutomaticPaymentRegistrations" (
    "Id" bigint NOT NULL,
    "Name" text NOT NULL,
    "PaymentType" integer NOT NULL,
    "PaymentAmount" numeric(18,2) NOT NULL,
    "PaymentDueDay" integer NOT NULL,
    "PaymentDueCount" integer NOT NULL,
    "PaymentDuePaidCount" integer NOT NULL,
    "IsActive" boolean NOT NULL,
    "UserId" text NOT NULL,
    "BelongToSystem" boolean NOT NULL
);


ALTER TABLE public."AutomaticPaymentRegistrations" OWNER TO admin;

--
-- TOC entry 235 (class 1259 OID 16872)
-- Name: AutomaticPaymentRegistrations_Id_seq; Type: SEQUENCE; Schema: public; Owner: admin
--

ALTER TABLE public."AutomaticPaymentRegistrations" ALTER COLUMN "Id" ADD GENERATED BY DEFAULT AS IDENTITY (
    SEQUENCE NAME public."AutomaticPaymentRegistrations_Id_seq"
    START WITH 1
    INCREMENT BY 1
    NO MINVALUE
    NO MAXVALUE
    CACHE 1
);


--
-- TOC entry 221 (class 1259 OID 16760)
-- Name: ExternalAccountInformations; Type: TABLE; Schema: public; Owner: admin
--

CREATE TABLE public."ExternalAccountInformations" (
    "Id" bigint NOT NULL,
    "AccountNumber" text NOT NULL,
    "BankName" text NOT NULL,
    "OwnerFullName" text NOT NULL
);


ALTER TABLE public."ExternalAccountInformations" OWNER TO admin;

--
-- TOC entry 220 (class 1259 OID 16759)
-- Name: ExternalAccountInformations_Id_seq; Type: SEQUENCE; Schema: public; Owner: admin
--

ALTER TABLE public."ExternalAccountInformations" ALTER COLUMN "Id" ADD GENERATED BY DEFAULT AS IDENTITY (
    SEQUENCE NAME public."ExternalAccountInformations_Id_seq"
    START WITH 1
    INCREMENT BY 1
    NO MINVALUE
    NO MAXVALUE
    CACHE 1
);


--
-- TOC entry 241 (class 1259 OID 16911)
-- Name: LoanApplications; Type: TABLE; Schema: public; Owner: admin
--

CREATE TABLE public."LoanApplications" (
    "Id" bigint NOT NULL,
    "UserId" text NOT NULL,
    "LoanTypeId" integer NOT NULL,
    "RequestedAmount" numeric(18,2) NOT NULL,
    "InstallmentCount" integer NOT NULL,
    "IsRejected" boolean,
    "IsApproved" boolean NOT NULL,
    "ApproverId" text,
    "ApprovalDate" timestamp with time zone,
    "TransactionId" bigint,
    "CreatedDate" timestamp with time zone NOT NULL,
    "UpdatedDate" timestamp with time zone,
    "IsActive" boolean NOT NULL
);


ALTER TABLE public."LoanApplications" OWNER TO admin;

--
-- TOC entry 240 (class 1259 OID 16910)
-- Name: LoanApplications_Id_seq; Type: SEQUENCE; Schema: public; Owner: admin
--

ALTER TABLE public."LoanApplications" ALTER COLUMN "Id" ADD GENERATED BY DEFAULT AS IDENTITY (
    SEQUENCE NAME public."LoanApplications_Id_seq"
    START WITH 1
    INCREMENT BY 1
    NO MINVALUE
    NO MAXVALUE
    CACHE 1
);


--
-- TOC entry 223 (class 1259 OID 16768)
-- Name: LoanTypes; Type: TABLE; Schema: public; Owner: admin
--

CREATE TABLE public."LoanTypes" (
    "Id" integer NOT NULL,
    "Name" character varying(255) NOT NULL,
    "InterestRate" numeric(18,2) NOT NULL,
    "MaxInstallmentOption" integer NOT NULL,
    "MinInstallmentOption" integer NOT NULL,
    "MinLoanAmount" numeric(18,2) NOT NULL,
    "MaxLoanAmount" numeric(18,2) NOT NULL,
    "MinCreditScore" integer NOT NULL,
    "MaxCreditScore" integer NOT NULL,
    "CreatedDate" timestamp with time zone NOT NULL,
    "UpdatedDate" timestamp with time zone,
    "IsActive" boolean NOT NULL
);


ALTER TABLE public."LoanTypes" OWNER TO admin;

--
-- TOC entry 222 (class 1259 OID 16767)
-- Name: LoanTypes_Id_seq; Type: SEQUENCE; Schema: public; Owner: admin
--

ALTER TABLE public."LoanTypes" ALTER COLUMN "Id" ADD GENERATED BY DEFAULT AS IDENTITY (
    SEQUENCE NAME public."LoanTypes_Id_seq"
    START WITH 1
    INCREMENT BY 1
    NO MINVALUE
    NO MAXVALUE
    CACHE 1
);


--
-- TOC entry 245 (class 1259 OID 16975)
-- Name: Tickets; Type: TABLE; Schema: public; Owner: admin
--

CREATE TABLE public."Tickets" (
    "Id" bigint NOT NULL,
    "Title" text NOT NULL,
    "Description" text NOT NULL,
    "ResolvedDate" timestamp with time zone,
    "Status" integer NOT NULL,
    "Priority" integer NOT NULL,
    "UserAppId" text,
    "CreatedDate" timestamp with time zone NOT NULL,
    "UpdatedDate" timestamp with time zone,
    "IsActive" boolean NOT NULL
);


ALTER TABLE public."Tickets" OWNER TO admin;

--
-- TOC entry 244 (class 1259 OID 16974)
-- Name: Tickets_Id_seq; Type: SEQUENCE; Schema: public; Owner: admin
--

ALTER TABLE public."Tickets" ALTER COLUMN "Id" ADD GENERATED BY DEFAULT AS IDENTITY (
    SEQUENCE NAME public."Tickets_Id_seq"
    START WITH 1
    INCREMENT BY 1
    NO MINVALUE
    NO MAXVALUE
    CACHE 1
);


--
-- TOC entry 225 (class 1259 OID 16774)
-- Name: Transactions; Type: TABLE; Schema: public; Owner: admin
--

CREATE TABLE public."Transactions" (
    "Id" bigint NOT NULL,
    "Amount" numeric(18,2) NOT NULL,
    "TransactionDate" timestamp with time zone NOT NULL,
    "IsConfirmed" boolean NOT NULL
);


ALTER TABLE public."Transactions" OWNER TO admin;

--
-- TOC entry 224 (class 1259 OID 16773)
-- Name: Transactions_Id_seq; Type: SEQUENCE; Schema: public; Owner: admin
--

ALTER TABLE public."Transactions" ALTER COLUMN "Id" ADD GENERATED BY DEFAULT AS IDENTITY (
    SEQUENCE NAME public."Transactions_Id_seq"
    START WITH 1
    INCREMENT BY 1
    NO MINVALUE
    NO MAXVALUE
    CACHE 1
);


--
-- TOC entry 226 (class 1259 OID 16779)
-- Name: UserRefreshTokens; Type: TABLE; Schema: public; Owner: admin
--

CREATE TABLE public."UserRefreshTokens" (
    "UserId" text NOT NULL,
    "Code" character varying(200) NOT NULL,
    "Expiration" timestamp with time zone NOT NULL
);


ALTER TABLE public."UserRefreshTokens" OWNER TO admin;

--
-- TOC entry 237 (class 1259 OID 16885)
-- Name: UserTransactionLimits; Type: TABLE; Schema: public; Owner: admin
--

CREATE TABLE public."UserTransactionLimits" (
    "UserId" text NOT NULL,
    "DailyTransactionLimit" numeric(18,2) NOT NULL,
    "DailyTransactionAmount" numeric(18,2) NOT NULL,
    "LastProcessDate" timestamp with time zone NOT NULL,
    "InstantTransactionLimit" numeric(18,2) NOT NULL
);


ALTER TABLE public."UserTransactionLimits" OWNER TO admin;

--
-- TOC entry 215 (class 1259 OID 16730)
-- Name: __EFMigrationsHistory; Type: TABLE; Schema: public; Owner: admin
--

CREATE TABLE public."__EFMigrationsHistory" (
    "MigrationId" character varying(150) NOT NULL,
    "ProductVersion" character varying(32) NOT NULL
);


ALTER TABLE public."__EFMigrationsHistory" OWNER TO admin;

--
-- TOC entry 3514 (class 0 OID 16736)
-- Dependencies: 217
-- Data for Name: AccountTypes; Type: TABLE DATA; Schema: public; Owner: admin
--

COPY public."AccountTypes" ("Id", "Name", "MinimumOpeningBalance", "Description", "CreatedDate", "UpdatedDate", "IsActive") FROM stdin;
4	Genç Hesabı	1000.00	Bankacılıkla yeni tanışan gençler için <3	2024-01-07 08:19:21.413276+00	\N	t
1	Vadesiz Hesap	0.00	Kullanıcı ilk kayıt olurken açılan hesap türü	2024-01-07 09:50:44.219254+00	\N	t
2	Vadeli Hesap	150.00	Vadeli mevduat hesabı	2024-01-07 09:50:44.219255+00	\N	f
3	Arı Hesap	100.00	Günlük vadeli mevduat hesabı	2024-01-07 09:50:44.219255+00	\N	t
\.


--
-- TOC entry 3526 (class 0 OID 16799)
-- Dependencies: 229
-- Data for Name: Accounts; Type: TABLE DATA; Schema: public; Owner: admin
--

COPY public."Accounts" ("Id", "AccountNumber", "Name", "Description", "Balance", "UserAppId", "AccountTypeId", "CreatedDate", "UpdatedDate", "IsActive") FROM stdin;
37c71b97-5874-456a-b170-2339b7148225	33A5CD993A	Default Account	Default account for the user	0	8e4d5a64-259a-4386-8fb7-56ba27272ff9	1	2024-01-06 23:47:47.453182+00	\N	t
02d01fcb-107b-4b2d-8856-9a6338371f7f	483D93FE29	Default Account	Default account for the user	0	5bb46e15-49fc-4799-9284-bc1fcee8d683	1	2024-01-06 23:47:48.360587+00	\N	t
38e20d26-53d2-4b67-859a-593d341f6f68	B67EDCB1B5	Default Account	Default account for the user	0	be945ee1-85cb-428e-ab11-53afa4045446	1	2024-01-06 23:47:48.952747+00	\N	t
e7982212-f7a6-471d-9333-13c64b6f7592	C712E3569D	Default Account	Default account for the user	0	5a26d71e-86ab-4d0c-a3ef-397f8e1dafcc	1	2024-01-06 23:47:49.385825+00	\N	t
28037902-b020-45e8-b7f8-e29a1767b354	1187A61E86	Default Account	Default account for the user	55000.00	abb2add5-a2fa-4983-935f-c060e3c8eff6	1	2024-01-06 23:47:47.9739+00	2024-01-07 09:38:11.472845+00	t
\.


--
-- TOC entry 3536 (class 0 OID 16898)
-- Dependencies: 239
-- Data for Name: AffectedAccounts; Type: TABLE DATA; Schema: public; Owner: admin
--

COPY public."AffectedAccounts" ("Id", "AccountNumber", "Description", "IsReceiverAccount", "IsExternal", "BeforeBalance", "AfterBalance", "TransactionId") FROM stdin;
4	1187A61E86	Onaylanan Kredi Tutarı Hesaba Aktarımı	t	\N	0.00	55000.00	4
\.


--
-- TOC entry 3525 (class 0 OID 16787)
-- Dependencies: 228
-- Data for Name: AspNetRoleClaims; Type: TABLE DATA; Schema: public; Owner: admin
--

COPY public."AspNetRoleClaims" ("Id", "RoleId", "ClaimType", "ClaimValue") FROM stdin;
\.


--
-- TOC entry 3515 (class 0 OID 16743)
-- Dependencies: 218
-- Data for Name: AspNetRoles; Type: TABLE DATA; Schema: public; Owner: admin
--

COPY public."AspNetRoles" ("Id", "Name", "NormalizedName", "ConcurrencyStamp") FROM stdin;
264a2e72-de17-465b-ae4d-ee47443df401	Admin	ADMIN	\N
5f1c37ad-0c1a-4672-9c5d-c0c9beb6fd82	User	USER	\N
9adae364-58c3-4edf-a393-8b9a93dcbdc2	Auditor	AUDITOR	\N
5137b669-10f3-4cc0-b9c2-b7ee0a8e3d72	CashDesk	CASHDESK	\N
d06c0d7e-0728-4c19-af9f-d0362fc075f6	CustomerService	CUSTOMERSERVICE	\N
\.


--
-- TOC entry 3528 (class 0 OID 16819)
-- Dependencies: 231
-- Data for Name: AspNetUserClaims; Type: TABLE DATA; Schema: public; Owner: admin
--

COPY public."AspNetUserClaims" ("Id", "UserId", "ClaimType", "ClaimValue") FROM stdin;
\.


--
-- TOC entry 3529 (class 0 OID 16831)
-- Dependencies: 232
-- Data for Name: AspNetUserLogins; Type: TABLE DATA; Schema: public; Owner: admin
--

COPY public."AspNetUserLogins" ("LoginProvider", "ProviderKey", "ProviderDisplayName", "UserId") FROM stdin;
\.


--
-- TOC entry 3530 (class 0 OID 16843)
-- Dependencies: 233
-- Data for Name: AspNetUserRoles; Type: TABLE DATA; Schema: public; Owner: admin
--

COPY public."AspNetUserRoles" ("UserId", "RoleId") FROM stdin;
8e4d5a64-259a-4386-8fb7-56ba27272ff9	264a2e72-de17-465b-ae4d-ee47443df401
abb2add5-a2fa-4983-935f-c060e3c8eff6	5f1c37ad-0c1a-4672-9c5d-c0c9beb6fd82
5bb46e15-49fc-4799-9284-bc1fcee8d683	9adae364-58c3-4edf-a393-8b9a93dcbdc2
be945ee1-85cb-428e-ab11-53afa4045446	5137b669-10f3-4cc0-b9c2-b7ee0a8e3d72
5a26d71e-86ab-4d0c-a3ef-397f8e1dafcc	d06c0d7e-0728-4c19-af9f-d0362fc075f6
\.


--
-- TOC entry 3531 (class 0 OID 16860)
-- Dependencies: 234
-- Data for Name: AspNetUserTokens; Type: TABLE DATA; Schema: public; Owner: admin
--

COPY public."AspNetUserTokens" ("UserId", "LoginProvider", "Name", "Value") FROM stdin;
\.


--
-- TOC entry 3516 (class 0 OID 16750)
-- Dependencies: 219
-- Data for Name: AspNetUsers; Type: TABLE DATA; Schema: public; Owner: admin
--

COPY public."AspNetUsers" ("Id", "Name", "Surname", "DateOfBirth", "IsActive", "CreatedDate", "UpdatedDate", "UserName", "NormalizedUserName", "Email", "NormalizedEmail", "EmailConfirmed", "PasswordHash", "SecurityStamp", "ConcurrencyStamp", "PhoneNumber", "PhoneNumberConfirmed", "TwoFactorEnabled", "LockoutEnd", "LockoutEnabled", "AccessFailedCount") FROM stdin;
8e4d5a64-259a-4386-8fb7-56ba27272ff9	Admin	User	1990-01-01 00:00:00+00	t	2024-01-06 23:47:46.666038+00	\N	AdminUser123	ADMINUSER123	admin@example.com	ADMIN@EXAMPLE.COM	f	AQAAAAIAAYagAAAAEO/VzWEHqc+jwzmfJlLZ8eiSzCFPVqLOI06jJ7xvgFURI5uBmOGCRBDJfrDtsWljsw==	I3RXFMALMN43QCRMTJ5USY7QCTCCYDDE	6d65a73d-8cca-4a7e-8519-c81cc4f171db	\N	f	f	\N	t	0
abb2add5-a2fa-4983-935f-c060e3c8eff6	User	User	1995-05-05 00:00:00+00	t	2024-01-06 23:47:46.666103+00	\N	User123456789	USER123456789	user@example.com	USER@EXAMPLE.COM	f	AQAAAAIAAYagAAAAEOaPY5fiyqSSZgDxJ7wb0kuyNGA/Fisfvr1BSCgo+WjfGshAl1ytbGNaL8y3S/snfg==	HAF7K5ZD7SKVH6PSPSTSQVHPXFHHJGHI	f35e2c46-da00-4245-96be-4afb42465ffe	\N	f	f	\N	t	0
5bb46e15-49fc-4799-9284-bc1fcee8d683	Auditor	User	1985-10-10 00:00:00+00	t	2024-01-06 23:47:46.666107+00	\N	Auditor987654321	AUDITOR987654321	auditor@example.com	AUDITOR@EXAMPLE.COM	f	AQAAAAIAAYagAAAAELe6glno0juT10/284V/NFyBLnBjBLANlFQa5WGcxleHrujbc43zbAlwU/nTPiyj1w==	NMATMO5JVDU52KDG3Z3LHM6CKZSRIPYU	5ebd40d5-cbee-4db9-b2c5-35bcd3dcbf77	\N	f	f	\N	t	0
be945ee1-85cb-428e-ab11-53afa4045446	CashDesk	User	1980-03-15 00:00:00+00	t	2024-01-06 23:47:46.66611+00	\N	CashDeskUser112233	CASHDESKUSER112233	cashdesk@example.com	CASHDESK@EXAMPLE.COM	f	AQAAAAIAAYagAAAAEJ+Zd8RYS2Z7sGAJeE6yLNIx8vZomn4cUcVwLdEWZphC3S6c2xcO3XxB2BWekyy7rA==	OW5UEF4MEKG6LEB2DHWMEZWLSMELG5VV	47ce11b8-d634-4899-9e9d-4c9064504bb5	\N	f	f	\N	t	0
5a26d71e-86ab-4d0c-a3ef-397f8e1dafcc	CustomerService	User	1992-08-20 00:00:00+00	t	2024-01-06 23:47:46.666114+00	\N	CustomerServiceUser445566	CUSTOMERSERVICEUSER445566	customerservice@example.com	CUSTOMERSERVICE@EXAMPLE.COM	f	AQAAAAIAAYagAAAAEDfiyzE4zlKt329enw8c2uIYShjUIGf7x9tma8coScIdC69HlRh71Z0d0gPzh9KDlg==	PWEKDMN2C4NBLNVQCFMO3DFZFUE673OR	832eeb7a-2726-4c40-a175-a7257d3b230d	\N	f	f	\N	t	0
\.


--
-- TOC entry 3540 (class 0 OID 16934)
-- Dependencies: 243
-- Data for Name: AutomaticPaymentHistories; Type: TABLE DATA; Schema: public; Owner: admin
--

COPY public."AutomaticPaymentHistories" ("Id", "RegistrationId", "Comment", "PaymentDate", "PaymentAmount", "IsPaid", "TransactionId") FROM stdin;
\.


--
-- TOC entry 3533 (class 0 OID 16873)
-- Dependencies: 236
-- Data for Name: AutomaticPaymentRegistrations; Type: TABLE DATA; Schema: public; Owner: admin
--

COPY public."AutomaticPaymentRegistrations" ("Id", "Name", "PaymentType", "PaymentAmount", "PaymentDueDay", "PaymentDueCount", "PaymentDuePaidCount", "IsActive", "UserId", "BelongToSystem") FROM stdin;
1	Telefon Faturası	2	150.00	2	10	0	f	abb2add5-a2fa-4983-935f-c060e3c8eff6	f
2	Otomatik Kredi Taksit Tahsilatı	1	6781.00	7	10	0	t	abb2add5-a2fa-4983-935f-c060e3c8eff6	t
\.


--
-- TOC entry 3518 (class 0 OID 16760)
-- Dependencies: 221
-- Data for Name: ExternalAccountInformations; Type: TABLE DATA; Schema: public; Owner: admin
--

COPY public."ExternalAccountInformations" ("Id", "AccountNumber", "BankName", "OwnerFullName") FROM stdin;
\.


--
-- TOC entry 3538 (class 0 OID 16911)
-- Dependencies: 241
-- Data for Name: LoanApplications; Type: TABLE DATA; Schema: public; Owner: admin
--

COPY public."LoanApplications" ("Id", "UserId", "LoanTypeId", "RequestedAmount", "InstallmentCount", "IsRejected", "IsApproved", "ApproverId", "ApprovalDate", "TransactionId", "CreatedDate", "UpdatedDate", "IsActive") FROM stdin;
1	abb2add5-a2fa-4983-935f-c060e3c8eff6	1	55000.00	10	f	t	5bb46e15-49fc-4799-9284-bc1fcee8d683	2024-01-07 09:38:06.934576+00	4	2024-01-07 08:43:24.127047+00	\N	f
\.


--
-- TOC entry 3520 (class 0 OID 16768)
-- Dependencies: 223
-- Data for Name: LoanTypes; Type: TABLE DATA; Schema: public; Owner: admin
--

COPY public."LoanTypes" ("Id", "Name", "InterestRate", "MaxInstallmentOption", "MinInstallmentOption", "MinLoanAmount", "MaxLoanAmount", "MinCreditScore", "MaxCreditScore", "CreatedDate", "UpdatedDate", "IsActive") FROM stdin;
1	İhtiyaç Kredisi	4.00	12	4	0.00	0.00	100	500	-infinity	\N	t
2	Ev Kredisi	10.00	36	4	0.00	0.00	600	1000	-infinity	\N	t
3	Araç Kredisi	0.00	48	24	500000.00	1000000.00	900	1000	2024-01-07 00:26:36.342351+00	2024-01-07 00:31:23.985804+00	f
\.


--
-- TOC entry 3542 (class 0 OID 16975)
-- Dependencies: 245
-- Data for Name: Tickets; Type: TABLE DATA; Schema: public; Owner: admin
--

COPY public."Tickets" ("Id", "Title", "Description", "ResolvedDate", "Status", "Priority", "UserAppId", "CreatedDate", "UpdatedDate", "IsActive") FROM stdin;
2	Deneme İsteği	Hesaplarımda garip şeyler oluyor yardım lütfen	\N	1	1	abb2add5-a2fa-4983-935f-c060e3c8eff6	2024-01-07 09:58:05.035023+00	\N	t
4	Deneme İsteği	Hesaplarımda garip şeyler oluyor yardım lütfen	\N	1	1	abb2add5-a2fa-4983-935f-c060e3c8eff6	2024-01-07 10:05:14.897608+00	\N	t
1	Deneme İsteği	Hesaplarımda garip şeyler oluyor yardım lütfen	2024-01-07 10:31:21.765797+00	3	2	abb2add5-a2fa-4983-935f-c060e3c8eff6	2024-01-07 09:55:06.587807+00	2024-01-07 10:31:21.787394+00	f
\.


--
-- TOC entry 3522 (class 0 OID 16774)
-- Dependencies: 225
-- Data for Name: Transactions; Type: TABLE DATA; Schema: public; Owner: admin
--

COPY public."Transactions" ("Id", "Amount", "TransactionDate", "IsConfirmed") FROM stdin;
4	55000.00	2024-01-07 09:38:11.278069+00	t
\.


--
-- TOC entry 3523 (class 0 OID 16779)
-- Dependencies: 226
-- Data for Name: UserRefreshTokens; Type: TABLE DATA; Schema: public; Owner: admin
--

COPY public."UserRefreshTokens" ("UserId", "Code", "Expiration") FROM stdin;
8e4d5a64-259a-4386-8fb7-56ba27272ff9	qLB0FrPjWw9aPdzrCIUJQGWaCOmUoaqDdb1HwRAwKbI=	2024-01-07 08:29:10.436775+00
be945ee1-85cb-428e-ab11-53afa4045446	yGO8YR84U7w6lQgB0Xmkyt22JdXFOiMGjcLrfQR9qCo=	2024-01-07 17:00:51.105434+00
5bb46e15-49fc-4799-9284-bc1fcee8d683	YVYa82p/dcIZA0mcISXFVi8ZhO1zRhf667xNi5UZHt8=	2024-01-07 17:03:49.877578+00
abb2add5-a2fa-4983-935f-c060e3c8eff6	TNeQkGe9wzYn56USu3P+IpGSlnKxqx447psSdvZX8kY=	2024-01-07 18:04:25.653331+00
5a26d71e-86ab-4d0c-a3ef-397f8e1dafcc	c0vJC/ITfUYx3wlI2HXhqGLAYMRcNy3PaCaKGfmpuwg=	2024-01-07 18:27:03.562563+00
\.


--
-- TOC entry 3534 (class 0 OID 16885)
-- Dependencies: 237
-- Data for Name: UserTransactionLimits; Type: TABLE DATA; Schema: public; Owner: admin
--

COPY public."UserTransactionLimits" ("UserId", "DailyTransactionLimit", "DailyTransactionAmount", "LastProcessDate", "InstantTransactionLimit") FROM stdin;
8e4d5a64-259a-4386-8fb7-56ba27272ff9	1000000.00	0.00	2024-01-06 23:47:47.323909+00	5000.00
abb2add5-a2fa-4983-935f-c060e3c8eff6	1000000.00	0.00	2024-01-06 23:47:47.960588+00	5000.00
5bb46e15-49fc-4799-9284-bc1fcee8d683	1000000.00	0.00	2024-01-06 23:47:48.330434+00	5000.00
be945ee1-85cb-428e-ab11-53afa4045446	1000000.00	0.00	2024-01-06 23:47:48.8824+00	5000.00
5a26d71e-86ab-4d0c-a3ef-397f8e1dafcc	1000000.00	0.00	2024-01-06 23:47:49.375942+00	5000.00
\.


--
-- TOC entry 3512 (class 0 OID 16730)
-- Dependencies: 215
-- Data for Name: __EFMigrationsHistory; Type: TABLE DATA; Schema: public; Owner: admin
--

COPY public."__EFMigrationsHistory" ("MigrationId", "ProductVersion") FROM stdin;
20240106221118_Initial	7.0.14
20240106222912_deneme	7.0.14
20240107095044_CustometTickets	7.0.14
\.


--
-- TOC entry 3548 (class 0 OID 0)
-- Dependencies: 216
-- Name: AccountTypes_Id_seq; Type: SEQUENCE SET; Schema: public; Owner: admin
--

SELECT pg_catalog.setval('public."AccountTypes_Id_seq"', 4, true);


--
-- TOC entry 3549 (class 0 OID 0)
-- Dependencies: 238
-- Name: AffectedAccounts_Id_seq; Type: SEQUENCE SET; Schema: public; Owner: admin
--

SELECT pg_catalog.setval('public."AffectedAccounts_Id_seq"', 4, true);


--
-- TOC entry 3550 (class 0 OID 0)
-- Dependencies: 227
-- Name: AspNetRoleClaims_Id_seq; Type: SEQUENCE SET; Schema: public; Owner: admin
--

SELECT pg_catalog.setval('public."AspNetRoleClaims_Id_seq"', 1, false);


--
-- TOC entry 3551 (class 0 OID 0)
-- Dependencies: 230
-- Name: AspNetUserClaims_Id_seq; Type: SEQUENCE SET; Schema: public; Owner: admin
--

SELECT pg_catalog.setval('public."AspNetUserClaims_Id_seq"', 1, false);


--
-- TOC entry 3552 (class 0 OID 0)
-- Dependencies: 242
-- Name: AutomaticPaymentHistories_Id_seq; Type: SEQUENCE SET; Schema: public; Owner: admin
--

SELECT pg_catalog.setval('public."AutomaticPaymentHistories_Id_seq"', 1, false);


--
-- TOC entry 3553 (class 0 OID 0)
-- Dependencies: 235
-- Name: AutomaticPaymentRegistrations_Id_seq; Type: SEQUENCE SET; Schema: public; Owner: admin
--

SELECT pg_catalog.setval('public."AutomaticPaymentRegistrations_Id_seq"', 2, true);


--
-- TOC entry 3554 (class 0 OID 0)
-- Dependencies: 220
-- Name: ExternalAccountInformations_Id_seq; Type: SEQUENCE SET; Schema: public; Owner: admin
--

SELECT pg_catalog.setval('public."ExternalAccountInformations_Id_seq"', 1, false);


--
-- TOC entry 3555 (class 0 OID 0)
-- Dependencies: 240
-- Name: LoanApplications_Id_seq; Type: SEQUENCE SET; Schema: public; Owner: admin
--

SELECT pg_catalog.setval('public."LoanApplications_Id_seq"', 1, true);


--
-- TOC entry 3556 (class 0 OID 0)
-- Dependencies: 222
-- Name: LoanTypes_Id_seq; Type: SEQUENCE SET; Schema: public; Owner: admin
--

SELECT pg_catalog.setval('public."LoanTypes_Id_seq"', 3, true);


--
-- TOC entry 3557 (class 0 OID 0)
-- Dependencies: 244
-- Name: Tickets_Id_seq; Type: SEQUENCE SET; Schema: public; Owner: admin
--

SELECT pg_catalog.setval('public."Tickets_Id_seq"', 4, true);


--
-- TOC entry 3558 (class 0 OID 0)
-- Dependencies: 224
-- Name: Transactions_Id_seq; Type: SEQUENCE SET; Schema: public; Owner: admin
--

SELECT pg_catalog.setval('public."Transactions_Id_seq"', 4, true);


--
-- TOC entry 3298 (class 2606 OID 16742)
-- Name: AccountTypes PK_AccountTypes; Type: CONSTRAINT; Schema: public; Owner: admin
--

ALTER TABLE ONLY public."AccountTypes"
    ADD CONSTRAINT "PK_AccountTypes" PRIMARY KEY ("Id");


--
-- TOC entry 3320 (class 2606 OID 16807)
-- Name: Accounts PK_Accounts; Type: CONSTRAINT; Schema: public; Owner: admin
--

ALTER TABLE ONLY public."Accounts"
    ADD CONSTRAINT "PK_Accounts" PRIMARY KEY ("Id");


--
-- TOC entry 3339 (class 2606 OID 16904)
-- Name: AffectedAccounts PK_AffectedAccounts; Type: CONSTRAINT; Schema: public; Owner: admin
--

ALTER TABLE ONLY public."AffectedAccounts"
    ADD CONSTRAINT "PK_AffectedAccounts" PRIMARY KEY ("Id");


--
-- TOC entry 3316 (class 2606 OID 16793)
-- Name: AspNetRoleClaims PK_AspNetRoleClaims; Type: CONSTRAINT; Schema: public; Owner: admin
--

ALTER TABLE ONLY public."AspNetRoleClaims"
    ADD CONSTRAINT "PK_AspNetRoleClaims" PRIMARY KEY ("Id");


--
-- TOC entry 3300 (class 2606 OID 16749)
-- Name: AspNetRoles PK_AspNetRoles; Type: CONSTRAINT; Schema: public; Owner: admin
--

ALTER TABLE ONLY public."AspNetRoles"
    ADD CONSTRAINT "PK_AspNetRoles" PRIMARY KEY ("Id");


--
-- TOC entry 3323 (class 2606 OID 16825)
-- Name: AspNetUserClaims PK_AspNetUserClaims; Type: CONSTRAINT; Schema: public; Owner: admin
--

ALTER TABLE ONLY public."AspNetUserClaims"
    ADD CONSTRAINT "PK_AspNetUserClaims" PRIMARY KEY ("Id");


--
-- TOC entry 3326 (class 2606 OID 16837)
-- Name: AspNetUserLogins PK_AspNetUserLogins; Type: CONSTRAINT; Schema: public; Owner: admin
--

ALTER TABLE ONLY public."AspNetUserLogins"
    ADD CONSTRAINT "PK_AspNetUserLogins" PRIMARY KEY ("LoginProvider", "ProviderKey");


--
-- TOC entry 3329 (class 2606 OID 16849)
-- Name: AspNetUserRoles PK_AspNetUserRoles; Type: CONSTRAINT; Schema: public; Owner: admin
--

ALTER TABLE ONLY public."AspNetUserRoles"
    ADD CONSTRAINT "PK_AspNetUserRoles" PRIMARY KEY ("UserId", "RoleId");


--
-- TOC entry 3331 (class 2606 OID 16866)
-- Name: AspNetUserTokens PK_AspNetUserTokens; Type: CONSTRAINT; Schema: public; Owner: admin
--

ALTER TABLE ONLY public."AspNetUserTokens"
    ADD CONSTRAINT "PK_AspNetUserTokens" PRIMARY KEY ("UserId", "LoginProvider", "Name");


--
-- TOC entry 3304 (class 2606 OID 16758)
-- Name: AspNetUsers PK_AspNetUsers; Type: CONSTRAINT; Schema: public; Owner: admin
--

ALTER TABLE ONLY public."AspNetUsers"
    ADD CONSTRAINT "PK_AspNetUsers" PRIMARY KEY ("Id");


--
-- TOC entry 3348 (class 2606 OID 16940)
-- Name: AutomaticPaymentHistories PK_AutomaticPaymentHistories; Type: CONSTRAINT; Schema: public; Owner: admin
--

ALTER TABLE ONLY public."AutomaticPaymentHistories"
    ADD CONSTRAINT "PK_AutomaticPaymentHistories" PRIMARY KEY ("Id");


--
-- TOC entry 3334 (class 2606 OID 16879)
-- Name: AutomaticPaymentRegistrations PK_AutomaticPaymentRegistrations; Type: CONSTRAINT; Schema: public; Owner: admin
--

ALTER TABLE ONLY public."AutomaticPaymentRegistrations"
    ADD CONSTRAINT "PK_AutomaticPaymentRegistrations" PRIMARY KEY ("Id");


--
-- TOC entry 3307 (class 2606 OID 16766)
-- Name: ExternalAccountInformations PK_ExternalAccountInformations; Type: CONSTRAINT; Schema: public; Owner: admin
--

ALTER TABLE ONLY public."ExternalAccountInformations"
    ADD CONSTRAINT "PK_ExternalAccountInformations" PRIMARY KEY ("Id");


--
-- TOC entry 3344 (class 2606 OID 16917)
-- Name: LoanApplications PK_LoanApplications; Type: CONSTRAINT; Schema: public; Owner: admin
--

ALTER TABLE ONLY public."LoanApplications"
    ADD CONSTRAINT "PK_LoanApplications" PRIMARY KEY ("Id");


--
-- TOC entry 3309 (class 2606 OID 16772)
-- Name: LoanTypes PK_LoanTypes; Type: CONSTRAINT; Schema: public; Owner: admin
--

ALTER TABLE ONLY public."LoanTypes"
    ADD CONSTRAINT "PK_LoanTypes" PRIMARY KEY ("Id");


--
-- TOC entry 3351 (class 2606 OID 16981)
-- Name: Tickets PK_Tickets; Type: CONSTRAINT; Schema: public; Owner: admin
--

ALTER TABLE ONLY public."Tickets"
    ADD CONSTRAINT "PK_Tickets" PRIMARY KEY ("Id");


--
-- TOC entry 3311 (class 2606 OID 16778)
-- Name: Transactions PK_Transactions; Type: CONSTRAINT; Schema: public; Owner: admin
--

ALTER TABLE ONLY public."Transactions"
    ADD CONSTRAINT "PK_Transactions" PRIMARY KEY ("Id");


--
-- TOC entry 3313 (class 2606 OID 16785)
-- Name: UserRefreshTokens PK_UserRefreshTokens; Type: CONSTRAINT; Schema: public; Owner: admin
--

ALTER TABLE ONLY public."UserRefreshTokens"
    ADD CONSTRAINT "PK_UserRefreshTokens" PRIMARY KEY ("UserId");


--
-- TOC entry 3336 (class 2606 OID 16891)
-- Name: UserTransactionLimits PK_UserTransactionLimits; Type: CONSTRAINT; Schema: public; Owner: admin
--

ALTER TABLE ONLY public."UserTransactionLimits"
    ADD CONSTRAINT "PK_UserTransactionLimits" PRIMARY KEY ("UserId");


--
-- TOC entry 3296 (class 2606 OID 16734)
-- Name: __EFMigrationsHistory PK___EFMigrationsHistory; Type: CONSTRAINT; Schema: public; Owner: admin
--

ALTER TABLE ONLY public."__EFMigrationsHistory"
    ADD CONSTRAINT "PK___EFMigrationsHistory" PRIMARY KEY ("MigrationId");


--
-- TOC entry 3302 (class 1259 OID 16959)
-- Name: EmailIndex; Type: INDEX; Schema: public; Owner: admin
--

CREATE INDEX "EmailIndex" ON public."AspNetUsers" USING btree ("NormalizedEmail");


--
-- TOC entry 3317 (class 1259 OID 16951)
-- Name: IX_Accounts_AccountTypeId; Type: INDEX; Schema: public; Owner: admin
--

CREATE INDEX "IX_Accounts_AccountTypeId" ON public."Accounts" USING btree ("AccountTypeId");


--
-- TOC entry 3318 (class 1259 OID 16952)
-- Name: IX_Accounts_UserAppId; Type: INDEX; Schema: public; Owner: admin
--

CREATE INDEX "IX_Accounts_UserAppId" ON public."Accounts" USING btree ("UserAppId");


--
-- TOC entry 3337 (class 1259 OID 16953)
-- Name: IX_AffectedAccounts_TransactionId; Type: INDEX; Schema: public; Owner: admin
--

CREATE INDEX "IX_AffectedAccounts_TransactionId" ON public."AffectedAccounts" USING btree ("TransactionId");


--
-- TOC entry 3314 (class 1259 OID 16954)
-- Name: IX_AspNetRoleClaims_RoleId; Type: INDEX; Schema: public; Owner: admin
--

CREATE INDEX "IX_AspNetRoleClaims_RoleId" ON public."AspNetRoleClaims" USING btree ("RoleId");


--
-- TOC entry 3321 (class 1259 OID 16956)
-- Name: IX_AspNetUserClaims_UserId; Type: INDEX; Schema: public; Owner: admin
--

CREATE INDEX "IX_AspNetUserClaims_UserId" ON public."AspNetUserClaims" USING btree ("UserId");


--
-- TOC entry 3324 (class 1259 OID 16957)
-- Name: IX_AspNetUserLogins_UserId; Type: INDEX; Schema: public; Owner: admin
--

CREATE INDEX "IX_AspNetUserLogins_UserId" ON public."AspNetUserLogins" USING btree ("UserId");


--
-- TOC entry 3327 (class 1259 OID 16958)
-- Name: IX_AspNetUserRoles_RoleId; Type: INDEX; Schema: public; Owner: admin
--

CREATE INDEX "IX_AspNetUserRoles_RoleId" ON public."AspNetUserRoles" USING btree ("RoleId");


--
-- TOC entry 3345 (class 1259 OID 16961)
-- Name: IX_AutomaticPaymentHistories_RegistrationId; Type: INDEX; Schema: public; Owner: admin
--

CREATE INDEX "IX_AutomaticPaymentHistories_RegistrationId" ON public."AutomaticPaymentHistories" USING btree ("RegistrationId");


--
-- TOC entry 3346 (class 1259 OID 16962)
-- Name: IX_AutomaticPaymentHistories_TransactionId; Type: INDEX; Schema: public; Owner: admin
--

CREATE INDEX "IX_AutomaticPaymentHistories_TransactionId" ON public."AutomaticPaymentHistories" USING btree ("TransactionId");


--
-- TOC entry 3332 (class 1259 OID 16963)
-- Name: IX_AutomaticPaymentRegistrations_UserId; Type: INDEX; Schema: public; Owner: admin
--

CREATE INDEX "IX_AutomaticPaymentRegistrations_UserId" ON public."AutomaticPaymentRegistrations" USING btree ("UserId");


--
-- TOC entry 3340 (class 1259 OID 16964)
-- Name: IX_LoanApplications_LoanTypeId; Type: INDEX; Schema: public; Owner: admin
--

CREATE INDEX "IX_LoanApplications_LoanTypeId" ON public."LoanApplications" USING btree ("LoanTypeId");


--
-- TOC entry 3341 (class 1259 OID 16965)
-- Name: IX_LoanApplications_TransactionId; Type: INDEX; Schema: public; Owner: admin
--

CREATE INDEX "IX_LoanApplications_TransactionId" ON public."LoanApplications" USING btree ("TransactionId");


--
-- TOC entry 3342 (class 1259 OID 16966)
-- Name: IX_LoanApplications_UserId; Type: INDEX; Schema: public; Owner: admin
--

CREATE INDEX "IX_LoanApplications_UserId" ON public."LoanApplications" USING btree ("UserId");


--
-- TOC entry 3349 (class 1259 OID 16987)
-- Name: IX_Tickets_UserAppId; Type: INDEX; Schema: public; Owner: admin
--

CREATE INDEX "IX_Tickets_UserAppId" ON public."Tickets" USING btree ("UserAppId");


--
-- TOC entry 3301 (class 1259 OID 16955)
-- Name: RoleNameIndex; Type: INDEX; Schema: public; Owner: admin
--

CREATE UNIQUE INDEX "RoleNameIndex" ON public."AspNetRoles" USING btree ("NormalizedName");


--
-- TOC entry 3305 (class 1259 OID 16960)
-- Name: UserNameIndex; Type: INDEX; Schema: public; Owner: admin
--

CREATE UNIQUE INDEX "UserNameIndex" ON public."AspNetUsers" USING btree ("NormalizedUserName");


--
-- TOC entry 3353 (class 2606 OID 16808)
-- Name: Accounts FK_Accounts_AccountTypes_AccountTypeId; Type: FK CONSTRAINT; Schema: public; Owner: admin
--

ALTER TABLE ONLY public."Accounts"
    ADD CONSTRAINT "FK_Accounts_AccountTypes_AccountTypeId" FOREIGN KEY ("AccountTypeId") REFERENCES public."AccountTypes"("Id");


--
-- TOC entry 3354 (class 2606 OID 16813)
-- Name: Accounts FK_Accounts_AspNetUsers_UserAppId; Type: FK CONSTRAINT; Schema: public; Owner: admin
--

ALTER TABLE ONLY public."Accounts"
    ADD CONSTRAINT "FK_Accounts_AspNetUsers_UserAppId" FOREIGN KEY ("UserAppId") REFERENCES public."AspNetUsers"("Id") ON DELETE CASCADE;


--
-- TOC entry 3362 (class 2606 OID 16905)
-- Name: AffectedAccounts FK_AffectedAccounts_Transactions_TransactionId; Type: FK CONSTRAINT; Schema: public; Owner: admin
--

ALTER TABLE ONLY public."AffectedAccounts"
    ADD CONSTRAINT "FK_AffectedAccounts_Transactions_TransactionId" FOREIGN KEY ("TransactionId") REFERENCES public."Transactions"("Id") ON DELETE CASCADE;


--
-- TOC entry 3352 (class 2606 OID 16794)
-- Name: AspNetRoleClaims FK_AspNetRoleClaims_AspNetRoles_RoleId; Type: FK CONSTRAINT; Schema: public; Owner: admin
--

ALTER TABLE ONLY public."AspNetRoleClaims"
    ADD CONSTRAINT "FK_AspNetRoleClaims_AspNetRoles_RoleId" FOREIGN KEY ("RoleId") REFERENCES public."AspNetRoles"("Id") ON DELETE CASCADE;


--
-- TOC entry 3355 (class 2606 OID 16826)
-- Name: AspNetUserClaims FK_AspNetUserClaims_AspNetUsers_UserId; Type: FK CONSTRAINT; Schema: public; Owner: admin
--

ALTER TABLE ONLY public."AspNetUserClaims"
    ADD CONSTRAINT "FK_AspNetUserClaims_AspNetUsers_UserId" FOREIGN KEY ("UserId") REFERENCES public."AspNetUsers"("Id") ON DELETE CASCADE;


--
-- TOC entry 3356 (class 2606 OID 16838)
-- Name: AspNetUserLogins FK_AspNetUserLogins_AspNetUsers_UserId; Type: FK CONSTRAINT; Schema: public; Owner: admin
--

ALTER TABLE ONLY public."AspNetUserLogins"
    ADD CONSTRAINT "FK_AspNetUserLogins_AspNetUsers_UserId" FOREIGN KEY ("UserId") REFERENCES public."AspNetUsers"("Id") ON DELETE CASCADE;


--
-- TOC entry 3357 (class 2606 OID 16850)
-- Name: AspNetUserRoles FK_AspNetUserRoles_AspNetRoles_RoleId; Type: FK CONSTRAINT; Schema: public; Owner: admin
--

ALTER TABLE ONLY public."AspNetUserRoles"
    ADD CONSTRAINT "FK_AspNetUserRoles_AspNetRoles_RoleId" FOREIGN KEY ("RoleId") REFERENCES public."AspNetRoles"("Id") ON DELETE CASCADE;


--
-- TOC entry 3358 (class 2606 OID 16855)
-- Name: AspNetUserRoles FK_AspNetUserRoles_AspNetUsers_UserId; Type: FK CONSTRAINT; Schema: public; Owner: admin
--

ALTER TABLE ONLY public."AspNetUserRoles"
    ADD CONSTRAINT "FK_AspNetUserRoles_AspNetUsers_UserId" FOREIGN KEY ("UserId") REFERENCES public."AspNetUsers"("Id") ON DELETE CASCADE;


--
-- TOC entry 3359 (class 2606 OID 16867)
-- Name: AspNetUserTokens FK_AspNetUserTokens_AspNetUsers_UserId; Type: FK CONSTRAINT; Schema: public; Owner: admin
--

ALTER TABLE ONLY public."AspNetUserTokens"
    ADD CONSTRAINT "FK_AspNetUserTokens_AspNetUsers_UserId" FOREIGN KEY ("UserId") REFERENCES public."AspNetUsers"("Id") ON DELETE CASCADE;


--
-- TOC entry 3366 (class 2606 OID 16941)
-- Name: AutomaticPaymentHistories FK_AutomaticPaymentHistories_AutomaticPaymentRegistrations_Reg~; Type: FK CONSTRAINT; Schema: public; Owner: admin
--

ALTER TABLE ONLY public."AutomaticPaymentHistories"
    ADD CONSTRAINT "FK_AutomaticPaymentHistories_AutomaticPaymentRegistrations_Reg~" FOREIGN KEY ("RegistrationId") REFERENCES public."AutomaticPaymentRegistrations"("Id") ON DELETE CASCADE;


--
-- TOC entry 3367 (class 2606 OID 16946)
-- Name: AutomaticPaymentHistories FK_AutomaticPaymentHistories_Transactions_TransactionId; Type: FK CONSTRAINT; Schema: public; Owner: admin
--

ALTER TABLE ONLY public."AutomaticPaymentHistories"
    ADD CONSTRAINT "FK_AutomaticPaymentHistories_Transactions_TransactionId" FOREIGN KEY ("TransactionId") REFERENCES public."Transactions"("Id");


--
-- TOC entry 3360 (class 2606 OID 16880)
-- Name: AutomaticPaymentRegistrations FK_AutomaticPaymentRegistrations_AspNetUsers_UserId; Type: FK CONSTRAINT; Schema: public; Owner: admin
--

ALTER TABLE ONLY public."AutomaticPaymentRegistrations"
    ADD CONSTRAINT "FK_AutomaticPaymentRegistrations_AspNetUsers_UserId" FOREIGN KEY ("UserId") REFERENCES public."AspNetUsers"("Id") ON DELETE CASCADE;


--
-- TOC entry 3363 (class 2606 OID 16918)
-- Name: LoanApplications FK_LoanApplications_AspNetUsers_UserId; Type: FK CONSTRAINT; Schema: public; Owner: admin
--

ALTER TABLE ONLY public."LoanApplications"
    ADD CONSTRAINT "FK_LoanApplications_AspNetUsers_UserId" FOREIGN KEY ("UserId") REFERENCES public."AspNetUsers"("Id");


--
-- TOC entry 3364 (class 2606 OID 16923)
-- Name: LoanApplications FK_LoanApplications_LoanTypes_LoanTypeId; Type: FK CONSTRAINT; Schema: public; Owner: admin
--

ALTER TABLE ONLY public."LoanApplications"
    ADD CONSTRAINT "FK_LoanApplications_LoanTypes_LoanTypeId" FOREIGN KEY ("LoanTypeId") REFERENCES public."LoanTypes"("Id");


--
-- TOC entry 3365 (class 2606 OID 16928)
-- Name: LoanApplications FK_LoanApplications_Transactions_TransactionId; Type: FK CONSTRAINT; Schema: public; Owner: admin
--

ALTER TABLE ONLY public."LoanApplications"
    ADD CONSTRAINT "FK_LoanApplications_Transactions_TransactionId" FOREIGN KEY ("TransactionId") REFERENCES public."Transactions"("Id") ON DELETE SET NULL;


--
-- TOC entry 3368 (class 2606 OID 16982)
-- Name: Tickets FK_Tickets_AspNetUsers_UserAppId; Type: FK CONSTRAINT; Schema: public; Owner: admin
--

ALTER TABLE ONLY public."Tickets"
    ADD CONSTRAINT "FK_Tickets_AspNetUsers_UserAppId" FOREIGN KEY ("UserAppId") REFERENCES public."AspNetUsers"("Id");


--
-- TOC entry 3361 (class 2606 OID 16892)
-- Name: UserTransactionLimits FK_UserTransactionLimits_AspNetUsers_UserId; Type: FK CONSTRAINT; Schema: public; Owner: admin
--

ALTER TABLE ONLY public."UserTransactionLimits"
    ADD CONSTRAINT "FK_UserTransactionLimits_AspNetUsers_UserId" FOREIGN KEY ("UserId") REFERENCES public."AspNetUsers"("Id") ON DELETE CASCADE;


-- Completed on 2024-01-07 12:29:54 UTC

--
-- PostgreSQL database dump complete
--

